ncbi_genbank_assembly_accession,Sequencing_coverage,Scaffolds_number,Scaffold_N50,Scaffold_L50,Genome_size,Silva.Kingdom,Silva.Phylum,Silva.Class,Silva.Order,Silva.Family,Silva.Genus,Silva.Species,Ncbi.Species,Strain,Exo_amylase,Endo_amylase,Exo_cellulase,Endo_cellulase,Exo_hemicellulose,Endo_hemicellulose,Exo_chitosanase,Endo_chitosanase,Ligninase,TEA_Oxygen,TEA_Nitrate,TEA_Sulfite
GCA_003942205.1,56.4,32,1376709,6,25479456,Fungi,Basidiomycota,Tremellomycetes,Trichosporonales,Trichosporonaceae,Apiotrichum,Apiotrichum_porosum,Apiotrichum porosum,Apiotrichum porosum DSM 27194,3,4,11,4,17,6,1,2,0,0,0,0
GCA_003184765.1,95.8,121,493913,25,36442703,Fungi,Ascomycota,Eurotiomycetes,Eurotiales,Aspergillaceae,Aspergillus,NA,Aspergillus aculeatinus,Aspergillus aculeatinus CBS 121060,2,5,16,5,16,8,6,14,0,0,0,0
GCA_047715705.1,92.6,149,550646,16,29362761,Fungi,Ascomycota,Eurotiomycetes,Eurotiales,Aspergillaceae,Aspergillus,NA,Aspergillus ambiguus,Aspergillus ambiguus CBS 117.58,2,2,15,8,22,15,5,14,0,0,0,0
GCA_001889945.1,156.8,103,2027382,6,35651645,Fungi,Ascomycota,Eurotiomycetes,Eurotiales,Aspergillaceae,Aspergillus,NA,Aspergillus brasiliensis,Aspergillus brasiliensis CBS 101740,1,5,20,3,15,11,7,15,0,0,0,0
GCA_003184695.1,106.5,153,411666,34,37451358,Fungi,Ascomycota,Eurotiomycetes,Eurotiales,Aspergillaceae,Aspergillus,NA,Aspergillus brunneoviolaceus,Aspergillus brunneoviolaceus CBS 621.78,2,5,16,4,16,8,6,10,0,0,0,0
GCA_001511075.1,300,78,3207549,6,40564004,Fungi,Ascomycota,Eurotiomycetes,Eurotiales,Aspergillaceae,Aspergillus,NA,Aspergillus calidoustus,Aspergillus calidoustus NA,1,8,35,7,29,17,5,15,0,0,0,0
GCA_016861735.1,357.6,8,3787471,4,29697343,Fungi,Ascomycota,Eurotiomycetes,Eurotiales,Aspergillaceae,Aspergillus,NA,Aspergillus chevalieri,Aspergillus chevalieri M1,1,2,11,2,6,8,3,6,0,0,0,0
GCA_003184835.1,95.4,86,817474,16,36926566,Fungi,Ascomycota,Eurotiomycetes,Eurotiales,Aspergillaceae,Aspergillus,NA,Aspergillus costaricaensis,Aspergillus costaricaensis CBS 115574,1,5,16,4,15,10,6,14,0,0,0,0
GCA_001717485.1,100,68,2316641,4,28318774,Fungi,Ascomycota,Eurotiomycetes,Eurotiales,Aspergillaceae,Aspergillus,NA,Aspergillus cristatus,Aspergillus cristatus GZAAS20.1005,2,3,8,2,7,7,2,6,0,0,0,0
GCA_003184825.1,93.2,149,411512,28,36500514,Fungi,Ascomycota,Eurotiomycetes,Eurotiales,Aspergillaceae,Aspergillus,NA,Aspergillus fijiensis,Aspergillus fijiensis CBS 313.89,2,5,16,4,16,8,6,13,0,0,0,0
GCA_014117485.1,70,8,4650921,4,37438524,Fungi,Ascomycota,Eurotiomycetes,Eurotiales,Aspergillaceae,Aspergillus,NA,Aspergillus flavus,Aspergillus flavus AF13,2,4,21,5,21,13,6,14,0,0,0,0
GCA_014784225.2,140,8,6268206,3,37762961,Fungi,Ascomycota,Eurotiomycetes,Eurotiales,Aspergillaceae,Aspergillus,NA,Aspergillus flavus,Aspergillus flavus CA14,2,3,21,5,22,13,8,19,0,0,0,0
GCA_009017415.1,600,8,4810201,4,37749288,Fungi,Ascomycota,Eurotiomycetes,Eurotiales,Aspergillaceae,Aspergillus,NA,Aspergillus flavus,Aspergillus flavus NRRL 3357,2,4,22,4,20,13,6,15,0,0,0,0
GCA_014117465.1,70,8,4658713,4,36995182,Fungi,Ascomycota,Eurotiomycetes,Eurotiales,Aspergillaceae,Aspergillus,NA,Aspergillus flavus,Aspergillus flavus NRRL3357,2,3,21,5,21,13,6,15,0,0,0,0
GCA_040142875.1,195.719,16,3646459,4,29063333,Fungi,Ascomycota,Eurotiomycetes,Eurotiales,Aspergillaceae,Aspergillus,NA,Aspergillus fumigatus,Aspergillus fumigatus 08-19-02-30,3,4,17,8,19,12,10,15,0,0,0,0
GCA_040142855.1,235,12,3780118,4,29164066,Fungi,Ascomycota,Eurotiomycetes,Eurotiales,Aspergillaceae,Aspergillus,NA,Aspergillus fumigatus,Aspergillus fumigatus 47-10,3,4,17,7,18,12,8,14,0,0,0,0
GCA_040142865.1,258,26,2638439,5,29095063,Fungi,Ascomycota,Eurotiomycetes,Eurotiales,Aspergillaceae,Aspergillus,NA,Aspergillus fumigatus,Aspergillus fumigatus 47-4,3,4,17,8,16,12,8,15,0,0,0,0
GCA_029618195.1,373,182,769267,13,28295305,Fungi,Ascomycota,Eurotiomycetes,Eurotiales,Aspergillaceae,Aspergillus,NA,Aspergillus fumigatus,Aspergillus fumigatus 5.1TA,3,3,16,7,17,11,6,13,0,0,0,0
GCA_040126065.1,147,8,3760025,4,28304265,Fungi,Ascomycota,Eurotiomycetes,Eurotiales,Aspergillaceae,Aspergillus,NA,Aspergillus fumigatus,Aspergillus fumigatus AF100-9B,3,4,17,7,17,12,7,13,0,0,0,0
GCA_040142885.1,252,9,3905879,4,28627188,Fungi,Ascomycota,Eurotiomycetes,Eurotiales,Aspergillaceae,Aspergillus,NA,Aspergillus fumigatus,Aspergillus fumigatus ATCC 13073,3,4,18,7,17,13,8,12,0,0,0,0
GCA_040142845.1,270,15,4706161,3,28891284,Fungi,Ascomycota,Eurotiomycetes,Eurotiales,Aspergillaceae,Aspergillus,NA,Aspergillus fumigatus,Aspergillus fumigatus ATCC 42202,3,4,15,8,18,13,10,13,0,0,0,0
GCA_040142955.1,63,20,1959777,5,30526740,Fungi,Ascomycota,Eurotiomycetes,Eurotiales,Aspergillaceae,Aspergillus,NA,Aspergillus fumigatus,Aspergillus fumigatus ATCC 46645,3,4,17,7,17,12,6,15,0,0,0,0
GCA_040142945.1,288,13,3948310,4,28837349,Fungi,Ascomycota,Eurotiomycetes,Eurotiales,Aspergillaceae,Aspergillus,NA,Aspergillus fumigatus,Aspergillus fumigatus B5233,3,4,18,7,17,12,9,12,0,0,0,0
GCA_040167805.1,201,25,2017413,5,28688567,Fungi,Ascomycota,Eurotiomycetes,Eurotiales,Aspergillaceae,Aspergillus,NA,Aspergillus fumigatus,Aspergillus fumigatus D141,3,4,16,9,16,12,7,12,0,0,0,0
GCA_040142975.1,250,23,3846868,4,29197406,Fungi,Ascomycota,Eurotiomycetes,Eurotiales,Aspergillaceae,Aspergillus,NA,Aspergillus fumigatus,Aspergillus fumigatus H237,3,4,18,8,19,13,6,13,0,0,0,0
GCA_040167795.1,115,10,3808109,4,28150788,Fungi,Ascomycota,Eurotiomycetes,Eurotiales,Aspergillaceae,Aspergillus,NA,Aspergillus fumigatus,Aspergillus fumigatus W72310,3,3,17,7,18,12,9,17,0,0,0,0
GCA_001029325.1,30,24,2295917,6,29303499,Fungi,Ascomycota,Eurotiomycetes,Eurotiales,Aspergillaceae,Aspergillus,NA,Aspergillus fumigatus,Aspergillus fumigatus Z5,3,4,16,6,16,12,6,13,0,0,0,0
GCA_001890805.1,175.9,82,1040687,10,27781411,Fungi,Ascomycota,Eurotiomycetes,Eurotiales,Aspergillaceae,Aspergillus,NA,Aspergillus glaucus,Aspergillus glaucus CBS 516.65,1,2,10,2,6,7,3,9,0,0,0,0
GCA_003184865.1,96.6,152,535630,19,34020472,Fungi,Ascomycota,Eurotiomycetes,Eurotiales,Aspergillaceae,Aspergillus,NA,Aspergillus homomorphus,Aspergillus homomorphus CBS 101889,2,4,12,5,15,8,6,12,0,0,0,0
GCA_003184845.1,100.9,116,622403,20,33425899,Fungi,Ascomycota,Eurotiomycetes,Eurotiales,Aspergillaceae,Aspergillus,NA,Aspergillus ibericus,Aspergillus ibericus CBS 121593,1,6,13,4,11,7,4,18,1,0,0,0
GCA_003184785.1,100.9,163,412690,25,36080550,Fungi,Ascomycota,Eurotiomycetes,Eurotiales,Aspergillaceae,Aspergillus,NA,Aspergillus japonicus,Aspergillus japonicus CBS 114.51,2,5,18,4,17,8,7,15,0,0,0,0
GCA_001890685.1,65.7,100,2197438,6,37304755,Fungi,Ascomycota,Eurotiomycetes,Eurotiales,Aspergillaceae,Aspergillus,NA,Aspergillus luchuensis,Aspergillus luchuensis CBS 106.47,1,6,16,4,15,10,6,15,0,0,0,0
GCA_016861625.1,497.9,8,4830482,4,37256495,Fungi,Ascomycota,Eurotiomycetes,Eurotiales,Aspergillaceae,Aspergillus,NA,Aspergillus luchuensis,Aspergillus luchuensis IFO 4308,1,7,16,4,16,9,6,14,0,0,0,0
GCA_016865315.1,373.3,8,4484724,4,35477511,Fungi,Ascomycota,Eurotiomycetes,Eurotiales,Aspergillaceae,Aspergillus,NA,Aspergillus luchuensis,Aspergillus luchuensis RIB2601,1,6,16,4,14,9,5,15,0,0,0,0
GCA_047715735.1,84.9,113,817749,12,35249567,Fungi,Ascomycota,Eurotiomycetes,Eurotiales,Aspergillaceae,Aspergillus,NA,Aspergillus multicolor,Aspergillus multicolor CBS 133.54,1,6,24,5,20,11,4,22,0,0,0,0
GCA_003369625.1,100,160,2829575,6,44209275,Fungi,Ascomycota,Eurotiomycetes,Eurotiales,Aspergillaceae,Aspergillus,NA,Aspergillus mulundensis,Aspergillus mulundensis DSM 5745,1,5,25,6,18,12,4,24,0,0,0,0
GCA_003184625.1,151.4,169,707186,18,35398163,Fungi,Ascomycota,Eurotiomycetes,Eurotiales,Aspergillaceae,Aspergillus,NA,Aspergillus neoniger,Aspergillus neoniger CBS 115656,1,6,14,4,15,10,6,14,0,0,0,0
GCA_003344705.1,116.5,133,705420,18,35671207,Fungi,Ascomycota,Eurotiomycetes,Eurotiales,Aspergillaceae,Aspergillus,NA,Aspergillus niger,Aspergillus niger ATCC 13496,1,7,16,4,16,11,7,9,0,0,0,0
GCA_003184595.1,117.4,107,878705,12,35830544,Fungi,Ascomycota,Eurotiomycetes,Eurotiales,Aspergillaceae,Aspergillus,NA,Aspergillus niger,Aspergillus niger CBS 101883,1,7,15,4,16,11,7,10,0,0,0,0
GCA_023134475.1,63,168,403187,30,35621212,Fungi,Ascomycota,Eurotiomycetes,Eurotiales,Aspergillaceae,Aspergillus,NA,Aspergillus niger,Aspergillus niger CBS 113.50,1,6,16,4,15,11,7,9,0,0,0,0
GCA_023137675.1,58,158,362096,33,35348511,Fungi,Ascomycota,Eurotiomycetes,Eurotiales,Aspergillaceae,Aspergillus,NA,Aspergillus niger,Aspergillus niger CBS 147343,1,6,16,4,15,10,6,9,0,0,0,0
GCA_002211485.2,144,25,3443606,5,35806243,Fungi,Ascomycota,Eurotiomycetes,Eurotiales,Aspergillaceae,Aspergillus,NA,Aspergillus niger,Aspergillus niger FDAARGOS_311,1,6,17,4,16,8,6,13,0,0,0,0
GCA_900248155.1,160,19,2899611,4,35561663,Fungi,Ascomycota,Eurotiomycetes,Eurotiales,Aspergillaceae,Aspergillus,NA,Aspergillus niger,Aspergillus niger N402 (ATCC 64974),1,5,18,4,15,8,7,11,0,0,0,0
GCA_024862975.1,169,11,4404340,4,35884609,Fungi,Ascomycota,Eurotiomycetes,Eurotiales,Aspergillaceae,Aspergillus,NA,Aspergillus niger,Aspergillus niger WU-2020,1,6,15,4,16,11,7,8,0,0,0,0
GCA_002007945.1,162.335,25,4278514,5,38507590,Fungi,Ascomycota,Eurotiomycetes,Eurotiales,Aspergillaceae,Aspergillus,NA,Aspergillus oryzae,Aspergillus oryzae BCC7051,2,5,19,5,20,14,6,13,0,0,0,0
GCA_003344505.1,116.4,55,1344691,10,35747734,Fungi,Ascomycota,Eurotiomycetes,Eurotiales,Aspergillaceae,Aspergillus,NA,Aspergillus phoenicis,Aspergillus phoenicis ATCC 13157,1,6,16,4,16,10,6,14,0,0,0,0
GCA_003184755.1,102.9,47,1121342,9,35269699,Fungi,Ascomycota,Eurotiomycetes,Eurotiales,Aspergillaceae,Aspergillus,NA,Aspergillus piperis,Aspergillus piperis CBS 112811,1,6,15,4,15,10,6,14,0,0,0,0
GCA_044049435.1,79.6,179,528257,22,39066696,Fungi,Ascomycota,Eurotiomycetes,Eurotiales,Aspergillaceae,Aspergillus,NA,Aspergillus pseudodeflectus,Aspergillus pseudodeflectus CBS 756.74,1,8,44,7,27,15,5,16,0,0,0,0
GCA_018340605.1,179,24,4753445,4,33272285,Fungi,Ascomycota,Eurotiomycetes,Eurotiales,Aspergillaceae,Aspergillus,NA,Aspergillus pseudoviridinutans,Aspergillus pseudoviridinutans IFM 55266,3,6,18,7,24,11,6,23,0,0,0,0
GCA_016861865.1,333.1,8,4388637,4,34318862,Fungi,Ascomycota,Eurotiomycetes,Eurotiales,Aspergillaceae,Aspergillus,NA,Aspergillus puulaauensis,Aspergillus puulaauensis MK2,2,6,19,3,26,13,4,21,0,0,0,0
GCA_000600275.1,39.7,110,623674,14,26075740,Fungi,Ascomycota,Eurotiomycetes,Eurotiales,Aspergillaceae,Aspergillus,NA,Aspergillus ruber,Aspergillus ruber CBS 135680,1,2,8,2,5,7,3,6,0,0,0,0
GCA_003184585.1,116.4,120,591538,16,31063439,Fungi,Ascomycota,Eurotiomycetes,Eurotiales,Aspergillaceae,Aspergillus,NA,Aspergillus saccharolyticus,Aspergillus saccharolyticus JOP 1030-1,2,4,10,4,11,8,6,7,0,0,0,0
GCA_003184635.1,91.6,166,362770,33,37594984,Fungi,Ascomycota,Eurotiomycetes,Eurotiales,Aspergillaceae,Aspergillus,NA,Aspergillus sclerotiicarbonarius,Aspergillus sclerotiicarbonarius CBS 121057,1,6,18,4,13,8,5,14,0,0,0,0
GCA_001890705.1,95.1,97,2288531,5,34349148,Fungi,Ascomycota,Eurotiomycetes,Eurotiales,Aspergillaceae,Aspergillus,NA,Aspergillus sydowii,Aspergillus sydowii CBS 593.65,2,7,25,3,28,12,5,14,0,0,0,0
GCA_003426965.1,30,14,4499170,4,38719388,Fungi,Ascomycota,Eurotiomycetes,Eurotiales,Aspergillaceae,Aspergillus,NA,Aspergillus tanneri,Aspergillus tanneri NIH1004,2,3,6,2,8,4,6,20,0,0,0,0
GCA_016808415.1,100,9,4253827,4,30360750,Fungi,Ascomycota,Eurotiomycetes,Eurotiales,Aspergillaceae,Aspergillus,NA,Aspergillus terreus,Aspergillus terreus ATCC 20542,3,7,17,9,24,13,6,16,0,0,0,0
GCA_009932835.1,170.3,23,2163102,6,28633559,Fungi,Ascomycota,Eurotiomycetes,Eurotiales,Aspergillaceae,Aspergillus,NA,Aspergillus terreus,Aspergillus terreus IFO 6365,2,6,17,8,23,13,6,17,0,0,0,0
GCA_009014675.2,174.9,24,1952528,7,29605369,Fungi,Ascomycota,Eurotiomycetes,Eurotiales,Aspergillaceae,Aspergillus,NA,Aspergillus terreus,Aspergillus terreus TN-484,2,6,17,8,23,13,6,18,0,0,0,0
GCA_001890745.1,155.5,33,2949984,5,35139854,Fungi,Ascomycota,Eurotiomycetes,Eurotiales,Aspergillaceae,Aspergillus,NA,Aspergillus tubingensis,Aspergillus tubingensis CBS 134.48,1,6,15,4,15,11,6,14,0,0,0,0
GCA_049803905.1,92,8,4183659,4,35447888,Fungi,Ascomycota,Eurotiomycetes,Eurotiales,Aspergillaceae,Aspergillus,NA,Aspergillus tubingensis,Aspergillus tubingensis DFA,1,7,17,4,15,10,7,15,0,0,0,0
GCA_027923605.1,56,183,671203,17,35804281,Fungi,Ascomycota,Eurotiomycetes,Eurotiales,Aspergillaceae,Aspergillus,NA,Aspergillus tubingensis,Aspergillus tubingensis IFM 54640,1,6,15,4,15,10,6,12,0,0,0,0
GCA_027923885.1,42,26,2415389,6,35196421,Fungi,Ascomycota,Eurotiomycetes,Eurotiales,Aspergillaceae,Aspergillus,NA,Aspergillus tubingensis,Aspergillus tubingensis IFM 56815,1,5,15,4,15,10,6,12,0,0,0,0
GCA_027923665.1,114,120,570498,20,35013681,Fungi,Ascomycota,Eurotiomycetes,Eurotiales,Aspergillaceae,Aspergillus,NA,Aspergillus tubingensis,Aspergillus tubingensis IFM 57143,1,5,16,4,15,10,6,11,0,0,0,0
GCA_027923685.1,106,84,828725,16,35493990,Fungi,Ascomycota,Eurotiomycetes,Eurotiales,Aspergillaceae,Aspergillus,NA,Aspergillus tubingensis,Aspergillus tubingensis IFM 57258,1,6,17,4,16,9,6,13,0,0,0,0
GCA_013340325.1,163,15,3153774,5,35047219,Fungi,Ascomycota,Eurotiomycetes,Eurotiales,Aspergillaceae,Aspergillus,NA,Aspergillus tubingensis,Aspergillus tubingensis WU-2223L,1,5,15,4,15,10,6,13,0,0,0,0
GCA_001078395.2,90,17,4123300,4,32035701,Fungi,Ascomycota,Eurotiomycetes,Eurotiales,Aspergillaceae,Aspergillus,NA,Aspergillus udagawae,Aspergillus udagawae IFM 46973,3,6,14,8,23,16,6,18,0,0,0,0
GCA_047715775.1,79.3,190,407178,24,32107223,Fungi,Ascomycota,Eurotiomycetes,Eurotiales,Aspergillaceae,Aspergillus,NA,Aspergillus undulatus,Aspergillus undulatus CBS 261.88,2,6,17,4,17,14,3,11,0,0,0,0
GCA_047715655.1,109,142,1110383,9,26052459,Fungi,Ascomycota,Eurotiomycetes,Eurotiales,Aspergillaceae,Aspergillus,NA,Aspergillus unguis,Aspergillus unguis CBS 132.55,1,4,20,4,14,8,3,15,0,0,0,0
GCA_003184745.1,106.4,172,396097,30,35840536,Fungi,Ascomycota,Eurotiomycetes,Eurotiales,Aspergillaceae,Aspergillus,NA,Aspergillus uvarum,Aspergillus uvarum CBS 121591,2,5,17,4,16,8,6,15,1,0,0,0
GCA_003184925.1,100.8,60,1025125,11,35658646,Fungi,Ascomycota,Eurotiomycetes,Eurotiales,Aspergillaceae,Aspergillus,NA,Aspergillus vadensis,Aspergillus vadensis CBS 113365,1,5,15,4,15,11,6,14,0,0,0,0
GCA_001890125.1,178.1,51,2487993,5,33121003,Fungi,Ascomycota,Eurotiomycetes,Eurotiales,Aspergillaceae,Aspergillus,NA,Aspergillus versicolor,Aspergillus versicolor CBS 583.65,2,8,28,3,29,16,4,16,0,0,0,0
GCA_018404265.1,142,47,2861404,5,34286126,Fungi,Ascomycota,Eurotiomycetes,Eurotiales,Aspergillaceae,Aspergillus,NA,Aspergillus viridinutans,Aspergillus viridinutans IFM 47045,3,4,14,8,17,10,5,13,0,0,0,0
GCA_046000195.1,135,7,4417627,3,31224183,Fungi,Ascomycota,Eurotiomycetes,Eurotiales,Aspergillaceae,Aspergillus,NA,Aspergillus wentii,Aspergillus wentii CBS141173,4,3,13,6,11,11,6,12,1,0,0,0
GCA_001890725.1,95,27,4128426,4,31295010,Fungi,Ascomycota,Eurotiomycetes,Eurotiales,Aspergillaceae,Aspergillus,NA,Aspergillus wentii,Aspergillus wentii DTO 134E9,4,4,14,5,10,11,6,11,1,0,0,0
GCA_026184555.1,50.4,127,1128967,11,31516073,Fungi,Ascomycota,Eurotiomycetes,Eurotiales,Aspergillaceae,Aspergillus,NA,Aspergillus wentii,Aspergillus wentii IMI 49129,4,4,14,5,10,10,6,11,1,0,0,0
GCA_022544895.1,317.58,143,551808,24,41733781,Fungi,Ascomycota,Sordariomycetes,Xylariales,Xylariaceae,Biscogniauxia,NA,Biscogniauxia sp.,Biscogniauxia sp. FL1348,2,3,18,6,11,9,5,9,2,0,0,0
GCA_018397855.1,149,126,1110723,18,55833107,Fungi,Basidiomycota,Agaricomycetes,Boletales,Boletaceae,Boletus,NA,Boletus reticuloceps,Boletus reticuloceps BR01,2,0,3,3,6,4,9,8,0,0,0,0
GCA_041956535.1,30,116,849248,12,27010714,Fungi,Calcarisporiellomycota,Calcarisporiellomycetes,Calcarisporiellales,Calcarisporiellaceae,Calcarisporiella,NA,Calcarisporiella thermophila,Calcarisporiella thermophila CBS 279.70,0,0,2,9,2,1,5,9,0,0,0,0
GCA_000585585.1,90,11,3204506,4,25800341,Fungi,Ascomycota,Eurotiomycetes,Chaetothyriales,Herpotrichiellaceae,Capronia,NA,Capronia coronata,Capronia coronata CBS 617.96,0,2,5,2,5,1,3,2,0,0,0,0
GCA_000585565.1,83,18,3720060,4,28761473,Fungi,Ascomycota,Eurotiomycetes,Chaetothyriales,Herpotrichiellaceae,Capronia,NA,Capronia epimyces,Capronia epimyces CBS 606.96,0,2,6,2,3,0,2,1,0,0,0,0
GCA_033439085.1,50.09,24,4606982,4,35321551,Fungi,Ascomycota,Sordariomycetes,Sordariales,Chaetomiaceae,Chaetomium,NA,Chaetomium fimeti,Chaetomium fimeti CBS 168.71,1,2,13,8,16,15,3,14,1,0,0,0
GCA_020736525.1,279.76,16,5315113,2,33768356,Fungi,Ascomycota,Sordariomycetes,Sordariales,Chaetomiaceae,Chaetomium,NA,Chaetomium sp.,Chaetomium sp. MPI-CAGE-AT-0009,1,3,15,8,20,15,3,18,0,0,0,0
GCA_020726445.1,152.11,22,3753983,4,33300809,Fungi,Ascomycota,Sordariomycetes,Sordariales,Chaetomiaceae,Chaetomium,NA,Chaetomium sp.,Chaetomium sp. MPI-SDFR-AT-0129,3,2,12,6,14,13,3,10,0,0,0,0
GCA_033439665.1,111.31,8,4525054,3,32422668,Fungi,Ascomycota,Sordariomycetes,Sordariales,Chaetomiaceae,Chaetomium,NA,Chaetomium strumarium,Chaetomium strumarium CBS 333.67,1,1,17,6,18,9,3,10,1,0,0,0
GCA_020726465.1,152.11,9,4896922,4,34154134,Fungi,Ascomycota,Sordariomycetes,Sordariales,Chaetomiaceae,Chaetomium,NA,Chaetomium tenue,Chaetomium tenue MPI-SDFR-AT-0079,1,3,13,6,17,14,3,19,0,0,0,0
GCA_036429605.1,37,15,5067140,4,40602995,Fungi,Ascomycota,Sordariomycetes,Hypocreales,Hypocreaceae,Cladobotryum,NA,Cladobotryum mycophilum,Cladobotryum mycophilum ATHUM6906,1,2,10,4,10,1,7,16,0,0,0,0
GCA_000835475.1,122,60,1665677,9,36639109,Fungi,Ascomycota,Eurotiomycetes,Chaetothyriales,Herpotrichiellaceae,Cladophialophora,NA,Cladophialophora bantiana,Cladophialophora bantiana CBS 173.52,1,2,8,5,9,1,3,2,0,0,0,0
GCA_000365165.2,80,19,3197266,4,28979941,Fungi,Ascomycota,Eurotiomycetes,Chaetothyriales,Herpotrichiellaceae,Cladophialophora,NA,Cladophialophora carrionii,Cladophialophora carrionii CBS 160.54,1,3,6,3,8,1,4,1,0,0,0,0
GCA_001700775.1,30,22,3175452,4,29775793,Fungi,Ascomycota,Eurotiomycetes,Chaetothyriales,Herpotrichiellaceae,Cladophialophora,NA,Cladophialophora carrionii,Cladophialophora carrionii KSF,1,1,6,3,6,1,4,1,0,0,0,0
GCA_030247875.1,35.2401,179,1635382,9,35550912,Fungi,Ascomycota,Eurotiomycetes,Chaetothyriales,Herpotrichiellaceae,Cladophialophora,NA,Cladophialophora chaetospira,Cladophialophora chaetospira TK_41,1,3,7,4,15,2,4,1,0,0,0,0
GCA_000585535.1,133,123,1349832,10,39333014,Fungi,Ascomycota,Eurotiomycetes,Chaetothyriales,Herpotrichiellaceae,Cladophialophora,NA,Cladophialophora psammophila,Cladophialophora psammophila CBS 110553,1,2,8,5,10,1,3,2,0,0,0,0
GCA_000585515.1,132,8,4268086,3,27887733,Fungi,Ascomycota,Eurotiomycetes,Chaetothyriales,Herpotrichiellaceae,Cladophialophora,NA,Cladophialophora yegresii,Cladophialophora yegresii CBS 114405,1,2,6,3,7,1,3,1,0,0,0,0
GCA_902141235.2,90,98,1837679,8,54492124,Fungi,Ascomycota,Sordariomycetes,Hypocreales,Bionectriaceae,Clonostachys,NA,Clonostachys solani,Clonostachys solani NA,1,3,32,8,33,11,6,10,1,0,0,0
GCA_006981985.1,338,102,1814181,7,34845204,Fungi,Ascomycota,Sordariomycetes,Hypocreales,Cordycipitaceae,Cordyceps,NA,Cordyceps javanica,Cordyceps javanica IJ1G,1,2,10,4,10,0,11,19,2,0,0,0
GCA_006981975.1,199,173,1822545,7,34443731,Fungi,Ascomycota,Sordariomycetes,Hypocreales,Cordycipitaceae,Cordyceps,NA,Cordyceps javanica,Cordyceps javanica IJ2G,1,2,10,4,10,0,11,19,2,0,0,0
GCA_008080495.1,180,7,5778387,3,33618380,Fungi,Ascomycota,Sordariomycetes,Hypocreales,Cordycipitaceae,Cordyceps,NA,Cordyceps militaris,Cordyceps militaris ATCC 34164,1,1,7,3,5,0,6,16,0,0,0,0
GCA_000225605.1,100,32,4551492,3,32212078,Fungi,Ascomycota,Sordariomycetes,Hypocreales,Cordycipitaceae,Cordyceps,NA,Cordyceps militaris,Cordyceps militaris CM01,1,1,7,3,5,0,6,14,0,0,0,0
GCA_012184295.1,106,140,501354,26,37631996,Fungi,Ascomycota,Orbiliomycetes,Orbiliales,Orbiliaceae,Dactylella,NA,Dactylella cylindrospora,Dactylella cylindrospora CBS325.70,3,2,11,6,6,10,2,2,0,0,0,0
GCA_038181435.1,318.04,11,6113431,3,46698876,Fungi,Ascomycota,Sordariomycetes,Hypocreales,Nectriaceae,Fusarium,NA,Fusarium acuminatum,Fusarium acuminatum NA,2,1,19,8,14,11,5,24,1,0,0,0
GCA_012959155.1,113,34,2236682,7,41699446,Fungi,Ascomycota,Sordariomycetes,Hypocreales,Nectriaceae,Fusarium,NA,Fusarium avenaceum,Fusarium avenaceum KA13,2,1,23,8,18,12,5,23,1,0,0,0
GCA_020744115.1,179.21,13,4676257,4,42232206,Fungi,Ascomycota,Sordariomycetes,Hypocreales,Nectriaceae,Fusarium,NA,Fusarium avenaceum,Fusarium avenaceum MPI-SDFR-AT-0044,2,1,24,8,20,11,5,24,1,0,0,0
GCA_047716405.1,166,23,3339234,5,37798897,Fungi,Ascomycota,Sordariomycetes,Hypocreales,Nectriaceae,Fusarium,NA,Fusarium chlamydosporum,Fusarium chlamydosporum IraGTOF6,2,1,15,6,15,11,5,14,1,0,0,0
GCA_016952355.1,443,4,9630554,2,37519305,Fungi,Ascomycota,Sordariomycetes,Hypocreales,Nectriaceae,Fusarium,NA,Fusarium culmorum,Fusarium culmorum Class2-1B,2,1,17,6,14,7,4,14,1,0,0,0
GCA_003033665.1,115,36,5548199,3,38110313,Fungi,Ascomycota,Sordariomycetes,Hypocreales,Nectriaceae,Fusarium,NA,Fusarium culmorum,Fusarium culmorum PV,2,1,16,6,13,6,5,14,1,0,0,0
GCA_027945365.1,32.3888,89,1904070,8,37108746,Fungi,Ascomycota,Sordariomycetes,Hypocreales,Nectriaceae,Fusarium,NA,Fusarium equiseti,Fusarium equiseti CF00095,2,1,19,7,15,10,5,13,1,0,0,0
GCA_026873545.1,107.93,14,3875999,6,53563088,Fungi,Ascomycota,Sordariomycetes,Hypocreales,Nectriaceae,Fusarium,NA,Fusarium falciforme,Fusarium falciforme Fu3.1,1,1,44,10,24,12,4,15,1,0,0,0
GCA_020744385.1,172.12,15,5434111,3,40328194,Fungi,Ascomycota,Sordariomycetes,Hypocreales,Nectriaceae,Fusarium,NA,Fusarium flagelliforme,Fusarium flagelliforme FIESC 12 MPI-CAGE-AA-0113,2,1,23,6,18,11,6,21,2,0,0,0
GCA_900096505.1,64,66,2960472,6,43927523,Fungi,Ascomycota,Sordariomycetes,Hypocreales,Nectriaceae,Fusarium,NA,Fusarium fujikuroi,Fusarium fujikuroi B14,2,1,25,9,21,11,6,14,1,0,0,0
GCA_900096645.1,66,86,4161666,5,45515568,Fungi,Ascomycota,Sordariomycetes,Hypocreales,Nectriaceae,Fusarium,NA,Fusarium fujikuroi,Fusarium fujikuroi C1995,2,1,24,9,22,7,6,14,1,0,0,0
GCA_900096685.1,53,182,2125619,7,45464452,Fungi,Ascomycota,Sordariomycetes,Hypocreales,Nectriaceae,Fusarium,NA,Fusarium fujikuroi,Fusarium fujikuroi FSU48,2,1,26,9,20,8,6,15,1,0,0,0
GCA_009663115.1,59.02,12,4426414,5,45524486,Fungi,Ascomycota,Sordariomycetes,Hypocreales,Nectriaceae,Fusarium,NA,Fusarium fujikuroi,Fusarium fujikuroi I1.3,2,1,19,8,20,7,6,14,1,0,0,0
GCA_001023035.1,40,187,1202620,12,42915903,Fungi,Ascomycota,Sordariomycetes,Hypocreales,Nectriaceae,Fusarium,NA,Fusarium fujikuroi,Fusarium fujikuroi KSU X-10626,2,1,24,9,21,10,6,16,1,0,0,0
GCA_900096635.1,146,28,4471326,5,44920986,Fungi,Ascomycota,Sordariomycetes,Hypocreales,Nectriaceae,Fusarium,NA,Fusarium fujikuroi,Fusarium fujikuroi MRC2276,2,1,25,9,21,11,6,14,1,0,0,0
GCA_000599445.1,50,199,8791613,2,36593613,Fungi,Ascomycota,Sordariomycetes,Hypocreales,Nectriaceae,Fusarium,NA,Fusarium graminearum,Fusarium graminearum CS3005,2,1,21,6,15,9,5,15,1,0,0,0
GCA_002352725.1,40,67,1518396,6,36883364,Fungi,Ascomycota,Sordariomycetes,Hypocreales,Nectriaceae,Fusarium,NA,Fusarium graminearum,Fusarium graminearum ITEM 124,2,1,20,6,14,9,5,17,1,0,0,0
GCA_037074415.1,160,16,8998777,2,37857963,Fungi,Ascomycota,Sordariomycetes,Hypocreales,Nectriaceae,Fusarium,NA,Fusarium graminearum,Fusarium graminearum KSU23389,2,1,20,5,13,9,5,14,1,0,0,0
GCA_037074405.1,192,7,9058990,2,37321827,Fungi,Ascomycota,Sordariomycetes,Hypocreales,Nectriaceae,Fusarium,NA,Fusarium graminearum,Fusarium graminearum KSU23468,2,1,20,5,14,9,6,15,1,0,0,0
GCA_037255895.1,267,4,9045406,2,36786251,Fungi,Ascomycota,Sordariomycetes,Hypocreales,Nectriaceae,Fusarium,NA,Fusarium graminearum,Fusarium graminearum KSU23473,2,1,18,4,14,9,7,16,1,0,0,0
GCA_037213105.1,123,4,9010877,2,37126805,Fungi,Ascomycota,Sordariomycetes,Hypocreales,Nectriaceae,Fusarium,NA,Fusarium graminearum,Fusarium graminearum KSU23522,2,1,19,5,15,9,7,16,1,0,0,0
GCA_900492705.2,74,96,1646471,9,36807931,Fungi,Ascomycota,Sordariomycetes,Hypocreales,Nectriaceae,Fusarium,NA,Fusarium graminearum,Fusarium graminearum MDC_Fg1,2,1,20,6,15,9,5,15,1,0,0,0
GCA_905332055.1,73,139,651714,18,37010759,Fungi,Ascomycota,Sordariomycetes,Hypocreales,Nectriaceae,Fusarium,NA,Fusarium graminearum,Fusarium graminearum MDC_FgU1,2,1,20,6,15,9,5,14,0,0,0,0
GCA_900073075.1,220,4,9025752,2,36908675,Fungi,Ascomycota,Sordariomycetes,Hypocreales,Nectriaceae,Fusarium,NA,Fusarium graminearum,Fusarium graminearum NA,2,1,20,6,15,9,5,16,1,0,0,0
GCA_900044135.1,80,5,9395062,2,37952304,Fungi,Ascomycota,Sordariomycetes,Hypocreales,Nectriaceae,Fusarium,NA,Fusarium graminearum,Fusarium graminearum PH-1,2,1,21,5,15,9,5,16,1,0,0,0
GCA_012959185.1,100,54,1672063,7,36759296,Fungi,Ascomycota,Sordariomycetes,Hypocreales,Nectriaceae,Fusarium,NA,Fusarium graminearum,Fusarium graminearum TaB10,2,1,21,6,15,9,5,14,1,0,0,0
GCA_027945235.1,41.2619,41,1635733,8,37934761,Fungi,Ascomycota,Sordariomycetes,Hypocreales,Nectriaceae,Fusarium,NA,Fusarium irregulare,Fusarium irregulare CF00137,2,1,19,5,17,9,6,18,1,0,0,0
GCA_027945245.1,32.5181,42,1635816,9,38172928,Fungi,Ascomycota,Sordariomycetes,Hypocreales,Nectriaceae,Fusarium,NA,Fusarium irregulare,Fusarium irregulare CF00143,2,1,20,6,17,9,5,19,1,0,0,0
GCA_025433545.1,51.71,25,4213465,5,49462855,Fungi,Ascomycota,Sordariomycetes,Hypocreales,Nectriaceae,Fusarium,NA,Fusarium keratoplasticum,Fusarium keratoplasticum NA,1,1,38,9,22,11,3,20,1,0,0,0
GCA_019915245.1,250,13,4357084,5,44015302,Fungi,Ascomycota,Sordariomycetes,Hypocreales,Nectriaceae,Fusarium,NA,Fusarium musae,Fusarium musae F31,2,1,23,10,20,9,5,19,1,0,0,0
GCA_005930515.1,246,12,4884632,5,51139495,Fungi,Ascomycota,Sordariomycetes,Hypocreales,Nectriaceae,Fusarium,NA,Fusarium oxysporum,Fusarium oxysporum 160527,3,1,34,9,27,13,5,28,1,0,0,0
GCA_023509805.1,93.9,114,2949549,9,65559131,Fungi,Ascomycota,Sordariomycetes,Hypocreales,Nectriaceae,Fusarium,NA,Fusarium oxysporum,Fusarium oxysporum 9,1,1,35,7,24,18,4,30,1,0,0,0
GCA_049000225.1,400,52,4856172,6,59768061,Fungi,Ascomycota,Sordariomycetes,Hypocreales,Nectriaceae,Fusarium,NA,Fusarium oxysporum,Fusarium oxysporum BRF1,3,2,36,8,23,12,5,16,1,0,0,0
GCA_013085055.1,341,12,4523040,5,50358849,Fungi,Ascomycota,Sordariomycetes,Hypocreales,Nectriaceae,Fusarium,NA,Fusarium oxysporum,Fusarium oxysporum Fo47,2,2,37,7,29,13,6,20,1,0,0,0
GCA_003615085.1,214,34,4140032,6,53425788,Fungi,Ascomycota,Sordariomycetes,Hypocreales,Nectriaceae,Fusarium,NA,Fusarium oxysporum,Fusarium oxysporum FoC_Fus2,2,1,41,8,28,13,6,24,1,0,0,0
GCA_001702695.2,72,32,4490135,5,52860752,Fungi,Ascomycota,Sordariomycetes,Hypocreales,Nectriaceae,Fusarium,NA,Fusarium oxysporum,Fusarium oxysporum Forc016,2,1,36,8,24,12,7,29,1,0,0,0
GCA_031834405.1,111,53,4484645,5,49423592,Fungi,Ascomycota,Sordariomycetes,Hypocreales,Nectriaceae,Fusarium,NA,Fusarium oxysporum,Fusarium oxysporum II5,2,1,26,7,24,12,5,16,1,0,0,0
GCA_020744355.1,186.1,66,4810307,5,55719217,Fungi,Ascomycota,Sordariomycetes,Hypocreales,Nectriaceae,Fusarium,NA,Fusarium oxysporum,Fusarium oxysporum MPI-CAGE-CH-0212,2,2,33,8,27,14,4,20,1,0,0,0
GCA_020744455.1,68.91,128,1619373,11,52242347,Fungi,Ascomycota,Sordariomycetes,Hypocreales,Nectriaceae,Fusarium,NA,Fusarium oxysporum,Fusarium oxysporum MPI-SDFR-AT-0094,3,2,34,7,24,15,6,26,1,0,0,0
GCA_030719095.1,92,13,4885915,5,49876382,Fungi,Ascomycota,Sordariomycetes,Hypocreales,Nectriaceae,Fusarium,NA,Fusarium oxysporum,Fusarium oxysporum NA,2,1,31,8,23,12,4,22,1,0,0,0
GCA_049000195.1,400,56,4291610,6,54539683,Fungi,Ascomycota,Sordariomycetes,Hypocreales,Nectriaceae,Fusarium,NA,Fusarium oxysporum,Fusarium oxysporum SG1,2,2,27,7,22,8,4,15,1,0,0,0
GCA_007994515.1,180,15,4494293,5,48588396,Fungi,Ascomycota,Sordariomycetes,Hypocreales,Nectriaceae,Fusarium,NA,Fusarium oxysporum,Fusarium oxysporum TR4,2,1,26,8,23,12,5,17,1,0,0,0
GCA_019157295.1,96,25,4227812,6,59760091,Fungi,Ascomycota,Sordariomycetes,Hypocreales,Nectriaceae,Fusarium,NA,Fusarium oxysporum,Fusarium oxysporum Tf1208,2,2,24,9,22,11,5,27,1,0,0,0
GCA_019157275.1,41,59,2955369,8,66822448,Fungi,Ascomycota,Sordariomycetes,Hypocreales,Nectriaceae,Fusarium,NA,Fusarium oxysporum,Fusarium oxysporum Tf1262,2,1,39,8,20,10,3,33,1,0,0,0
GCA_900096695.1,46,49,5177094,4,48788312,Fungi,Ascomycota,Sordariomycetes,Hypocreales,Nectriaceae,Fusarium,NA,Fusarium oxysporum,Fusarium oxysporum V64-1,2,1,33,8,28,15,4,22,1,0,0,0
GCA_050370095.1,155,54,3659495,6,52236286,Fungi,Ascomycota,Sordariomycetes,Hypocreales,Nectriaceae,Fusarium,NA,Fusarium phalaenopsidis,Fusarium phalaenopsidis FUZ10S,2,1,36,9,18,9,3,20,1,0,0,0
GCA_019609905.1,161,12,9989830,2,43859651,Fungi,Ascomycota,Sordariomycetes,Hypocreales,Nectriaceae,Fusarium,NA,Fusarium poae,Fusarium poae DAOMC 252244,2,1,15,6,15,8,5,19,1,0,0,0
GCA_046056315.1,206,6,8641347,3,44910645,Fungi,Ascomycota,Sordariomycetes,Hypocreales,Nectriaceae,Fusarium,NA,Fusarium poae,Fusarium poae Fp133,2,1,14,6,15,9,5,20,1,0,0,0
GCA_900067095.1,100,32,3311891,5,44903268,Fungi,Ascomycota,Sordariomycetes,Hypocreales,Nectriaceae,Fusarium,NA,Fusarium proliferatum,Fusarium proliferatum ET1,2,1,27,9,25,12,6,16,1,0,0,0
GCA_003290285.1,111,104,1822579,9,45487716,Fungi,Ascomycota,Sordariomycetes,Hypocreales,Nectriaceae,Fusarium,NA,Fusarium proliferatum,Fusarium proliferatum ITEM 2341,2,1,25,9,23,12,6,16,1,0,0,0
GCA_017309895.1,112,12,4345412,5,43841293,Fungi,Ascomycota,Sordariomycetes,Hypocreales,Nectriaceae,Fusarium,NA,Fusarium proliferatum,Fusarium proliferatum MPVP 328,2,1,24,9,21,10,6,12,1,0,0,0
GCA_900029915.1,98,155,874474,16,43164568,Fungi,Ascomycota,Sordariomycetes,Hypocreales,Nectriaceae,Fusarium,NA,Fusarium proliferatum,Fusarium proliferatum NRRL62905,2,1,24,9,20,9,6,16,1,0,0,0
GCA_017309875.1,117,154,2386667,8,45282541,Fungi,Ascomycota,Sordariomycetes,Hypocreales,Nectriaceae,Fusarium,NA,Fusarium proliferatum,Fusarium proliferatum R16,2,1,25,9,21,10,6,16,1,0,0,0
GCA_016952305.1,519,4,9153420,2,37805715,Fungi,Ascomycota,Sordariomycetes,Hypocreales,Nectriaceae,Fusarium,NA,Fusarium pseudograminearum,Fusarium pseudograminearum Class2-1C,2,1,19,6,12,8,4,12,1,0,0,0
GCA_024752415.1,332,4,9006544,2,37331286,Fungi,Ascomycota,Sordariomycetes,Hypocreales,Nectriaceae,Fusarium,NA,Fusarium pseudograminearum,Fusarium pseudograminearum Fp22-2,2,1,18,6,13,8,4,14,0,0,0,0
GCA_020744475.1,105.67,74,1971302,9,52563400,Fungi,Ascomycota,Sordariomycetes,Hypocreales,Nectriaceae,Fusarium,NA,Fusarium redolens,Fusarium redolens MPI-CAGE-AT-0023,2,2,33,9,23,11,4,24,1,0,0,0
GCA_041870755.1,89,4,9530391,2,38374918,Fungi,Ascomycota,Sordariomycetes,Hypocreales,Nectriaceae,Fusarium,NA,Fusarium sambucinum,Fusarium sambucinum NA,2,1,24,7,18,12,5,16,1,0,0,0
GCA_020744495.1,96.89,74,2221287,9,52932111,Fungi,Ascomycota,Sordariomycetes,Hypocreales,Nectriaceae,Fusarium,NA,Fusarium solani,Fusarium solani FSSC 5 MPI-SDFR-AT-0091,1,1,37,10,20,10,4,22,1,0,0,0
GCA_023522795.1,225,19,4026673,6,59379714,Fungi,Ascomycota,Sordariomycetes,Hypocreales,Nectriaceae,Fusarium,NA,Fusarium solani,Fusarium solani SB1,1,1,37,11,23,10,5,30,1,0,0,0
GCA_023101225.1,123.25,12,4496268,5,49477711,Fungi,Ascomycota,Sordariomycetes,Hypocreales,Nectriaceae,Fusarium,NA,Fusarium solani-melongenae,Fusarium solani-melongenae CRI 24-3,1,1,37,9,27,11,4,17,1,0,0,0
GCA_020744335.1,181.01,19,4717126,5,48370669,Fungi,Ascomycota,Sordariomycetes,Hypocreales,Nectriaceae,Fusarium,NA,Fusarium sp.,Fusarium sp. MPI-SDFR-AT-0072,2,2,28,9,23,11,4,22,1,0,0,0
GCA_954870535.1,145,19,4299556,5,42058709,Fungi,Ascomycota,Sordariomycetes,Hypocreales,Nectriaceae,Fusarium,NA,Fusarium sp.,Fusarium sp. NA,2,1,27,8,19,10,5,21,1,0,0,0
GCA_027945595.1,42.525,92,1014291,13,46516240,Fungi,Ascomycota,Sordariomycetes,Hypocreales,Nectriaceae,Fusarium,NA,Fusarium torreyae,Fusarium torreyae CF00136,2,1,32,8,20,10,5,16,1,0,0,0
GCA_020744515.1,256.94,21,5209653,4,43693088,Fungi,Ascomycota,Sordariomycetes,Hypocreales,Nectriaceae,Fusarium,NA,Fusarium tricinctum,Fusarium tricinctum MPI-SDFR-AT-0068,2,1,27,8,18,12,5,25,1,0,0,0
GCA_900007375.1,100,5,9140027,2,38580753,Fungi,Ascomycota,Sordariomycetes,Hypocreales,Nectriaceae,Fusarium,NA,Fusarium venenatum,Fusarium venenatum A3/5,2,1,23,7,16,12,5,20,1,0,0,0
GCA_020744135.1,317.79,9,9116532,2,37452605,Fungi,Ascomycota,Sordariomycetes,Hypocreales,Nectriaceae,Fusarium,NA,Fusarium venenatum,Fusarium venenatum MPI-CAGE-CH-0201,2,1,23,7,17,12,5,21,1,0,0,0
GCA_003317015.2,110,153,4129395,5,42321040,Fungi,Ascomycota,Sordariomycetes,Hypocreales,Nectriaceae,Fusarium,NA,Fusarium verticillioides,Fusarium verticillioides BRIP53263,1,0,0,0,0,1,0,4,0,0,0,0
GCA_013365045.1,86,168,288116,24,23478472,Fungi,Ascomycota,Saccharomycetes,Saccharomycetales,Dipodascaceae,Galactomyces,NA,Geotrichum candidum,Geotrichum candidum LMA-244,2,0,0,3,0,0,0,1,0,0,0,0
GCA_022578845.1,148.116,60,1300530,9,36614325,Fungi,Ascomycota,Sordariomycetes,Xylariales,Xylariaceae,Hypoxylon,NA,Hypoxylon cercidicola,Hypoxylon cercidicola CBS 119009,1,2,15,5,15,8,4,15,2,0,0,0
GCA_022578875.1,139.155,180,758131,17,40729601,Fungi,Ascomycota,Sordariomycetes,Xylariales,Xylariaceae,Hypoxylon,NA,Hypoxylon crocopeplum,Hypoxylon crocopeplum CBS 119004,1,1,19,7,22,13,4,16,2,0,0,0
GCA_022984875.1,711.02,15,3869588,5,36400909,Fungi,Ascomycota,Sordariomycetes,Xylariales,Xylariaceae,Hypoxylon,NA,Hypoxylon fragiforme,Hypoxylon fragiforme CBS 206.31,1,1,13,6,11,7,4,8,2,0,0,0
GCA_022578575.1,124.89,62,1362539,8,38120493,Fungi,Ascomycota,Sordariomycetes,Xylariales,Xylariaceae,Hypoxylon,NA,Hypoxylon sp.,Hypoxylon sp. FL0543,1,1,14,7,15,10,4,9,2,0,0,0
GCA_022497025.1,145.55,83,834990,16,40408409,Fungi,Ascomycota,Sordariomycetes,Xylariales,Xylariaceae,Hypoxylon,NA,Hypoxylon sp.,Hypoxylon sp. FL0890,1,1,16,7,14,12,4,10,2,0,0,0
GCA_022578955.1,135.392,146,682580,22,43392726,Fungi,Ascomycota,Sordariomycetes,Xylariales,Xylariaceae,Hypoxylon,NA,Hypoxylon sp.,Hypoxylon sp. FL1857,1,1,18,7,16,10,5,11,2,0,0,0
GCA_022432515.1,319.09,97,662971,17,35918646,Fungi,Ascomycota,Sordariomycetes,Xylariales,Xylariaceae,Hypoxylon,NA,Hypoxylon sp.,Hypoxylon sp. NC0597,1,1,17,7,16,14,4,9,2,0,0,0
GCA_022984935.1,521.35,139,662074,18,40120527,Fungi,Ascomycota,Sordariomycetes,Xylariales,Xylariaceae,Hypoxylon,NA,Hypoxylon sp.,Hypoxylon sp. NC1633,1,1,13,6,13,9,4,9,2,0,0,0
GCA_022578975.1,135.878,74,3593318,5,39350287,Fungi,Ascomycota,Sordariomycetes,Xylariales,Xylariaceae,Hypoxylon,NA,Hypoxylon trugodes,Hypoxylon trugodes CBS 135444,1,1,16,6,16,12,5,11,2,0,0,0
GCA_018924745.1,1759,32,4073462,5,44304365,Fungi,Basidiomycota,Agaricomycetes,Agaricales,Marasmiaceae,Marasmius,NA,Marasmius oreades,Marasmius oreades NA,1,1,12,5,13,14,4,9,0,0,0,0
GCA_024336345.1,220.89,35,2938680,5,42252145,Fungi,Ascomycota,Sordariomycetes,Hypocreales,Nectriaceae,Mariannaea,NA,Mariannaea sp.,Mariannaea sp. PMI_226,1,2,10,3,15,0,3,14,1,0,0,0
GCA_019434415.1,184,35,2337527,6,44714658,Fungi,Ascomycota,Sordariomycetes,Hypocreales,Clavicipitaceae,Metarhizium,NA,Metarhizium acridum,Metarhizium acridum ARSEF 324,1,0,7,3,5,0,5,13,1,0,0,0
GCA_013305495.1,237,18,6254943,3,42848098,Fungi,Ascomycota,Sordariomycetes,Hypocreales,Clavicipitaceae,Metarhizium,Metarhizium_anisopliae,Metarhizium anisopliae,Metarhizium anisopliae JEF-290,1,0,6,4,8,0,5,11,0,0,0,0
GCA_039654215.1,330.7,28,4185747,5,39548408,Fungi,Ascomycota,Sordariomycetes,Hypocreales,Clavicipitaceae,Metarhizium,Metarhizium_anisopliae,Metarhizium anisopliae,Metarhizium anisopliae NA,1,0,6,4,7,0,5,11,1,0,0,0
GCA_013426205.1,100,7,4766907,3,37771916,Fungi,Ascomycota,Sordariomycetes,Hypocreales,Clavicipitaceae,Metarhizium,NA,Metarhizium brunneum,Metarhizium brunneum 4556,1,1,5,4,7,0,5,11,1,0,0,0
GCA_000814965.1,80.13,92,1825569,6,36967988,Fungi,Ascomycota,Sordariomycetes,Hypocreales,Clavicipitaceae,Metarhizium,NA,Metarhizium brunneum,Metarhizium brunneum ARSEF 3297,1,1,5,4,7,0,5,10,1,0,0,0
GCA_039795395.1,80,29,4322898,3,40080245,Fungi,Ascomycota,Sordariomycetes,Hypocreales,Clavicipitaceae,Metarhizium,NA,Metarhizium brunneum,Metarhizium brunneum V275,1,1,6,4,7,0,5,13,1,0,0,0
GCA_000814975.1,98.34,74,2048875,6,38325361,Fungi,Ascomycota,Sordariomycetes,Hypocreales,Clavicipitaceae,Metarhizium,NA,Metarhizium hybridum,Metarhizium hybridum ARSEF 549,1,1,6,4,7,0,5,14,1,0,0,0
GCA_000187425.2,147.33,90,4491770,4,38960102,Fungi,Ascomycota,Sordariomycetes,Hypocreales,Clavicipitaceae,Metarhizium,Metarhizium_robertsii,Metarhizium robertsii,Metarhizium robertsii ARSEF 23,1,1,5,4,7,0,5,16,1,0,0,0
GCA_025330735.1,77.32,140,820600,15,44971843,Fungi,Mortierellomycota,Mortierellomycetes,Mortierellales,Mortierellaceae,Mortierella,NA,Mortierella sp.,Mortierella sp. GBAus27b,0,1,1,2,3,0,4,7,0,0,0,0
GCA_014461115.1,184,80,2002699,9,50883660,Fungi,Basidiomycota,Agaricomycetes,Agaricales,Tricholomataceae,Mycena,Mycena_chlorophos,Mycena chlorophos,Mycena chlorophos 110903Hualien_Pintung,3,6,8,6,23,9,4,8,8,0,0,0
GCA_014461135.1,210,30,5077951,7,72886219,Fungi,Basidiomycota,Agaricomycetes,Agaricales,Tricholomataceae,Mycena,NA,Mycena indigotica,Mycena indigotica 171206Taipei,4,5,13,7,17,11,4,10,8,0,0,0
GCA_014461125.1,173,61,3039429,8,65015191,Fungi,Basidiomycota,Agaricomycetes,Agaricales,Tricholomataceae,Mycena,NA,Mycena kentingensis,Mycena kentingensis 111111Pingtung,2,7,16,9,22,13,4,9,6,0,0,0
GCA_000410735.1,735,45,1451997,8,32504266,Fungi,Ascomycota,Sordariomycetes,Ophiostomatales,Ophiostomataceae,Ophiostoma,NA,Ophiostoma piceae,Ophiostoma piceae UAMH 11346,1,1,16,6,5,4,3,9,1,0,0,0
GCA_028826965.1,62,11,3327006,4,27430394,Fungi,Ascomycota,Eurotiomycetes,Eurotiales,Aspergillaceae,Penicillium,NA,Penicillium alfredii,Penicillium alfredii IBT 34128,1,2,6,1,7,5,3,6,0,0,0,0
GCA_028827245.1,80,12,5070470,3,37782843,Fungi,Ascomycota,Eurotiomycetes,Eurotiales,Aspergillaceae,Penicillium,NA,Penicillium angulare,Penicillium angulare IBT 27051,3,4,18,5,16,10,7,14,0,0,0,0
GCA_028826755.1,74,12,5061202,3,38603916,Fungi,Ascomycota,Eurotiomycetes,Eurotiales,Aspergillaceae,Penicillium,NA,Penicillium angulare,Penicillium angulare IBT 30069,2,4,21,5,22,11,7,21,0,0,0,0
GCA_028974205.1,193,11,3813293,3,30836278,Fungi,Ascomycota,Eurotiomycetes,Eurotiales,Aspergillaceae,Penicillium,NA,Penicillium antarcticum,Penicillium antarcticum IBT 31339,1,5,18,7,12,10,7,13,0,0,0,0
GCA_028826775.1,45,11,5062079,3,33838379,Fungi,Ascomycota,Eurotiomycetes,Eurotiales,Aspergillaceae,Penicillium,NA,Penicillium argentinense,Penicillium argentinense IBT 30761,3,6,16,4,15,12,8,11,0,0,0,0
GCA_028827265.1,50,8,3894271,4,28612168,Fungi,Ascomycota,Eurotiomycetes,Eurotiales,Aspergillaceae,Penicillium,NA,Penicillium atrosanguineum,Penicillium atrosanguineum IBT 20685,3,4,17,5,18,10,6,8,0,0,0,0
GCA_028827005.1,50,10,3785589,4,30880235,Fungi,Ascomycota,Eurotiomycetes,Eurotiales,Aspergillaceae,Penicillium,NA,Penicillium atrosanguineum,Penicillium atrosanguineum IBT 21472,3,3,17,5,19,10,6,9,0,0,0,0
GCA_028826785.1,48,16,3482637,4,30046757,Fungi,Ascomycota,Eurotiomycetes,Eurotiales,Aspergillaceae,Penicillium,NA,Penicillium atrosanguineum,Penicillium atrosanguineum IBT 31632,3,4,16,5,17,10,6,10,0,0,0,0
GCA_028826765.1,130,10,3846029,4,30509980,Fungi,Ascomycota,Eurotiomycetes,Eurotiales,Aspergillaceae,Penicillium,NA,Penicillium atrosanguineum,Penicillium atrosanguineum IBT 34669,3,4,17,5,19,10,6,9,0,0,0,0
GCA_902713515.1,439,113,563120,16,29196028,Fungi,Ascomycota,Eurotiomycetes,Eurotiales,Aspergillaceae,Penicillium,NA,Penicillium bialowiezense,Penicillium bialowiezense NA,1,4,21,7,16,8,4,12,0,0,0,0
GCA_028826915.1,73,9,3348542,3,27188871,Fungi,Ascomycota,Eurotiomycetes,Eurotiales,Aspergillaceae,Penicillium,NA,Penicillium bovifimosum,Penicillium bovifimosum IBT 22155,2,2,9,3,12,8,6,27,0,0,0,0
GCA_001048715.1,205,87,3363074,5,35629036,Fungi,Ascomycota,Eurotiomycetes,Eurotiales,Aspergillaceae,Penicillium,NA,Penicillium brasilianum,Penicillium brasilianum NA,3,4,17,9,19,11,8,13,0,0,0,0
GCA_028827555.1,120,9,6130730,3,34726155,Fungi,Ascomycota,Eurotiomycetes,Eurotiales,Aspergillaceae,Penicillium,NA,Penicillium brevicompactum,Penicillium brevicompactum IBT 35665,1,4,21,4,15,10,4,15,0,0,0,0
GCA_028827255.1,213,6,6143785,3,29909766,Fungi,Ascomycota,Eurotiomycetes,Eurotiales,Aspergillaceae,Penicillium,NA,Penicillium brevicompactum,Penicillium brevicompactum IBT 35673,1,4,18,4,15,8,4,11,0,0,0,0
GCA_028827515.1,165,8,5201747,3,32518670,Fungi,Ascomycota,Eurotiomycetes,Eurotiales,Aspergillaceae,Penicillium,NA,Penicillium brevicompactum,Penicillium brevicompactum IBT 35675,1,4,19,5,15,8,4,8,0,0,0,0
GCA_000513335.1,75,180,947716,11,34008276,Fungi,Ascomycota,Eurotiomycetes,Eurotiales,Aspergillaceae,Penicillium,NA,Penicillium camemberti,Penicillium camemberti FM 013,2,6,17,8,14,12,7,18,1,0,0,0
GCA_028826845.1,89,9,4795020,3,31521451,Fungi,Ascomycota,Eurotiomycetes,Eurotiales,Aspergillaceae,Penicillium,NA,Penicillium canariense,Penicillium canariense IBT 26290,1,2,11,6,17,6,7,13,0,0,0,0
GCA_028829005.1,55,15,3697658,4,41574211,Fungi,Ascomycota,Eurotiomycetes,Eurotiales,Aspergillaceae,Penicillium,NA,Penicillium canescens,Penicillium canescens IBT 13549,1,4,24,8,19,13,6,20,0,0,0,0
GCA_028828745.1,36,23,3385166,6,46485972,Fungi,Ascomycota,Eurotiomycetes,Eurotiales,Aspergillaceae,Penicillium,NA,Penicillium canescens,Penicillium canescens IBT 15449,1,4,28,8,20,13,6,27,0,0,0,0
GCA_028828735.1,54,18,4097024,5,46355660,Fungi,Ascomycota,Eurotiomycetes,Eurotiales,Aspergillaceae,Penicillium,NA,Penicillium canescens,Penicillium canescens IBT 15450,1,5,28,8,20,13,6,11,0,0,0,0
GCA_028828765.1,31,15,4366774,5,46284494,Fungi,Ascomycota,Eurotiomycetes,Eurotiales,Aspergillaceae,Penicillium,NA,Penicillium canescens,Penicillium canescens IBT 15451,1,4,28,8,20,13,6,18,0,0,0,0
GCA_028829745.1,46,21,3672962,5,46501943,Fungi,Ascomycota,Eurotiomycetes,Eurotiales,Aspergillaceae,Penicillium,NA,Penicillium canescens,Penicillium canescens IBT 15452,1,5,24,7,19,13,6,28,0,0,0,0
GCA_028828795.1,43,20,3670552,5,41773848,Fungi,Ascomycota,Eurotiomycetes,Eurotiales,Aspergillaceae,Penicillium,NA,Penicillium canescens,Penicillium canescens IBT 18980,1,5,24,8,19,13,6,15,0,0,0,0
GCA_028828825.1,106,10,3493872,4,32834794,Fungi,Ascomycota,Eurotiomycetes,Eurotiales,Aspergillaceae,Penicillium,NA,Penicillium canescens,Penicillium canescens IBT 19259,2,5,21,8,18,14,6,16,0,0,0,0
GCA_028826875.1,93,10,4701675,3,27537137,Fungi,Ascomycota,Eurotiomycetes,Eurotiales,Aspergillaceae,Penicillium,NA,Penicillium capsulatum,Penicillium capsulatum IBT 21917,2,4,7,3,7,5,6,5,0,0,0,0
GCA_028828875.1,71,9,4707077,3,27651227,Fungi,Ascomycota,Eurotiomycetes,Eurotiales,Aspergillaceae,Penicillium,NA,Penicillium capsulatum,Penicillium capsulatum IBT 29712,2,4,7,2,8,5,6,5,0,0,0,0
GCA_028827025.1,105,11,4659271,4,37446941,Fungi,Ascomycota,Eurotiomycetes,Eurotiales,Aspergillaceae,Penicillium,Penicillium_cataractarum,Penicillium cataractarum,Penicillium cataractarum IBT 29864,4,3,27,10,27,12,8,11,0,0,0,0
GCA_028826995.1,30,10,4294340,4,29797777,Fungi,Ascomycota,Eurotiomycetes,Eurotiales,Aspergillaceae,Penicillium,NA,Penicillium cf.,Penicillium cf. IBT 16848,2,5,10,5,15,13,7,15,0,0,0,0
GCA_028974015.1,75,8,5598030,3,29823847,Fungi,Ascomycota,Eurotiomycetes,Eurotiales,Aspergillaceae,Penicillium,NA,Penicillium cf.,Penicillium cf. IBT 16849,2,5,10,5,14,13,7,16,0,0,0,0
GCA_028827235.1,56,12,3542482,3,29442304,Fungi,Ascomycota,Eurotiomycetes,Eurotiales,Aspergillaceae,Penicillium,NA,Penicillium cf.,Penicillium cf. IBT 17755,2,4,10,5,13,13,7,16,0,0,0,0
GCA_028974045.1,78,10,4582560,4,35226502,Fungi,Ascomycota,Eurotiomycetes,Eurotiales,Aspergillaceae,Penicillium,NA,Penicillium cf.,Penicillium cf. IBT 20477,2,6,16,4,14,13,6,13,1,0,0,0
GCA_028974085.1,30,10,4118209,3,27581382,Fungi,Ascomycota,Eurotiomycetes,Eurotiales,Aspergillaceae,Penicillium,NA,Penicillium chermesinum,Penicillium chermesinum IBT 19713,2,2,6,3,7,7,6,10,0,0,0,0
GCA_028828955.1,45,11,4185089,3,33624001,Fungi,Ascomycota,Eurotiomycetes,Eurotiales,Aspergillaceae,Penicillium,NA,Penicillium chrysogenum,Penicillium chrysogenum IBT 17219,2,5,13,6,11,14,6,8,0,0,0,0
GCA_028826945.1,284,15,4879500,3,35181384,Fungi,Ascomycota,Eurotiomycetes,Eurotiales,Aspergillaceae,Penicillium,NA,Penicillium chrysogenum,Penicillium chrysogenum IBT 19737,2,6,13,6,12,13,6,17,0,0,0,0
GCA_028827015.1,205,11,4644700,3,33906189,Fungi,Ascomycota,Eurotiomycetes,Eurotiales,Aspergillaceae,Penicillium,NA,Penicillium chrysogenum,Penicillium chrysogenum IBT 3361,2,4,13,6,12,14,6,8,0,0,0,0
GCA_028827035.1,103,4,9490807,2,32379777,Fungi,Ascomycota,Eurotiomycetes,Eurotiales,Aspergillaceae,Penicillium,NA,Penicillium chrysogenum,Penicillium chrysogenum IBT 35668,2,6,13,6,12,14,6,9,0,0,0,0
GCA_000710275.1,110,4,10455807,2,32497224,Fungi,Ascomycota,Eurotiomycetes,Eurotiales,Aspergillaceae,Penicillium,NA,Penicillium chrysogenum,Penicillium chrysogenum P2niaD18,2,4,14,6,12,14,7,11,0,0,0,0
GCA_028974065.1,180,16,3994343,4,29467041,Fungi,Ascomycota,Eurotiomycetes,Eurotiales,Aspergillaceae,Penicillium,NA,Penicillium cinerascens,Penicillium cinerascens IBT 15544,3,4,11,6,13,6,6,12,0,0,0,0
GCA_036320845.1,316.8,9,3360406,4,31333751,Fungi,Ascomycota,Eurotiomycetes,Eurotiales,Aspergillaceae,Penicillium,NA,Penicillium citrinum,Penicillium citrinum B9,2,3,13,2,18,6,3,14,0,0,0,0
GCA_028827155.1,168,12,3834662,4,31396546,Fungi,Ascomycota,Eurotiomycetes,Eurotiales,Aspergillaceae,Penicillium,NA,Penicillium citrinum,Penicillium citrinum IBT 23319,2,4,16,3,15,8,5,10,0,0,0,0
GCA_028827145.1,104,6,9135964,2,29963931,Fungi,Ascomycota,Eurotiomycetes,Eurotiales,Aspergillaceae,Penicillium,NA,Penicillium concentricum,Penicillium concentricum IBT 3081,2,5,14,7,15,10,7,11,1,0,0,0
GCA_002072405.1,150,91,2122312,5,28353863,Fungi,Ascomycota,Eurotiomycetes,Eurotiales,Aspergillaceae,Penicillium,NA,Penicillium coprophilum,Penicillium coprophilum IBT 31321,2,3,10,3,6,10,6,8,0,0,0,0
GCA_028826855.1,193,7,4172608,3,29014640,Fungi,Ascomycota,Eurotiomycetes,Eurotiales,Aspergillaceae,Penicillium,NA,Penicillium coprophilum,Penicillium coprophilum IBT 35676,2,5,13,5,13,10,7,9,0,0,0,0
GCA_028827165.1,193,13,4365462,4,40034523,Fungi,Ascomycota,Eurotiomycetes,Eurotiales,Aspergillaceae,Penicillium,Penicillium_cosmopolitanum,Penicillium cosmopolitanum,Penicillium cosmopolitanum IBT 29677,2,4,22,5,24,10,6,17,0,0,0,0
GCA_028827405.1,137,11,9362940,2,32953279,Fungi,Ascomycota,Eurotiomycetes,Eurotiales,Aspergillaceae,Penicillium,NA,Penicillium crustosum,Penicillium crustosum IBT 35664,2,6,21,8,16,12,7,10,1,0,0,0
GCA_043643955.1,129,143,2597329,4,31992366,Fungi,Ascomycota,Eurotiomycetes,Eurotiales,Aspergillaceae,Penicillium,NA,Penicillium crustosum,Penicillium crustosum PRB-2,2,6,22,8,16,12,7,11,1,0,0,0
GCA_028827525.1,44,10,4752356,3,39657045,Fungi,Ascomycota,Eurotiomycetes,Eurotiales,Aspergillaceae,Penicillium,Penicillium_daleae,Penicillium daleae,Penicillium daleae IBT 16125,4,3,21,10,35,13,6,14,0,0,0,0
GCA_028827375.1,147,14,5473808,3,33986870,Fungi,Ascomycota,Eurotiomycetes,Eurotiales,Aspergillaceae,Penicillium,NA,Penicillium desertorum,Penicillium desertorum IBT 17660,5,6,13,7,12,13,6,15,0,0,0,0
GCA_028827545.1,94,19,3372961,5,33965862,Fungi,Ascomycota,Eurotiomycetes,Eurotiales,Aspergillaceae,Penicillium,NA,Penicillium diatomitis,Penicillium diatomitis IBT 30728,2,2,9,4,14,12,5,8,0,0,0,0
GCA_012295545.2,125,31,6602426,2,26573240,Fungi,Ascomycota,Eurotiomycetes,Eurotiales,Aspergillaceae,Penicillium,NA,Penicillium digitatum,Penicillium digitatum DSM 62840,1,3,11,5,6,4,5,6,0,0,0,0
GCA_016767815.1,584,6,4123518,3,26336737,Fungi,Ascomycota,Eurotiomycetes,Eurotiales,Aspergillaceae,Penicillium,NA,Penicillium digitatum,Penicillium digitatum PdW03,1,3,11,5,6,5,5,6,0,0,0,0
GCA_022829055.1,100,154,980978,12,32511896,Fungi,Ascomycota,Eurotiomycetes,Eurotiales,Aspergillaceae,Penicillium,NA,Penicillium expansum,Penicillium expansum NA,2,5,22,7,15,10,7,12,1,0,0,0
GCA_028828255.1,59,7,8023479,2,28556969,Fungi,Ascomycota,Eurotiomycetes,Eurotiales,Aspergillaceae,Penicillium,NA,Penicillium fimorum,Penicillium fimorum IBT 29495,2,5,10,7,13,10,7,9,0,0,0,0
GCA_028827385.1,78,6,8219394,2,35356366,Fungi,Ascomycota,Eurotiomycetes,Eurotiales,Aspergillaceae,Penicillium,NA,Penicillium freii,Penicillium freii IBT 34325,2,6,12,5,16,13,6,13,0,0,0,0
GCA_028828275.1,94,15,4680361,4,38045409,Fungi,Ascomycota,Eurotiomycetes,Eurotiales,Aspergillaceae,Penicillium,NA,Penicillium frequentans,Penicillium frequentans IBT 35677,3,4,18,5,18,13,6,13,0,0,0,0
GCA_028827865.1,95,11,4560428,4,36177675,Fungi,Ascomycota,Eurotiomycetes,Eurotiales,Aspergillaceae,Penicillium,NA,Penicillium frequentans,Penicillium frequentans IBT 35679,3,4,18,5,18,12,6,17,0,0,0,0
GCA_001561935.1,270,92,2267136,4,29140916,Fungi,Ascomycota,Eurotiomycetes,Eurotiales,Aspergillaceae,Penicillium,NA,Penicillium griseofulvum,Penicillium griseofulvum PG3,2,5,11,3,16,13,7,12,0,0,0,0
GCA_028828265.1,88,21,2894492,5,33697684,Fungi,Ascomycota,Eurotiomycetes,Eurotiales,Aspergillaceae,Penicillium,NA,Penicillium herquei,Penicillium herquei IBT 20771,2,2,16,4,19,11,5,19,0,0,0,0
GCA_028828675.1,100,11,5067678,3,37080134,Fungi,Ascomycota,Eurotiomycetes,Eurotiales,Aspergillaceae,Penicillium,NA,Penicillium herquei,Penicillium herquei IBT 29812,4,4,24,4,21,10,5,25,0,0,0,0
GCA_028827645.1,106,10,4061132,4,31629319,Fungi,Ascomycota,Eurotiomycetes,Eurotiales,Aspergillaceae,Penicillium,NA,Penicillium hetheringtonii,Penicillium hetheringtonii IBT 29057,2,4,18,3,19,10,5,16,0,0,0,0
GCA_028827665.1,132,9,3706033,4,27868179,Fungi,Ascomycota,Eurotiomycetes,Eurotiales,Aspergillaceae,Penicillium,NA,Penicillium hispanicum,Penicillium hispanicum IBT 35686,1,4,8,2,10,7,4,6,0,0,0,0
GCA_028827395.1,79,6,5075260,3,33792161,Fungi,Ascomycota,Eurotiomycetes,Eurotiales,Aspergillaceae,Penicillium,NA,Penicillium hordei,Penicillium hordei IBT 12815,2,6,13,6,13,13,6,13,0,0,0,0
GCA_028827675.1,56,9,3555488,3,27859125,Fungi,Ascomycota,Eurotiomycetes,Eurotiales,Aspergillaceae,Penicillium,Penicillium_lagena,Penicillium lagena,Penicillium lagena IBT 129212,4,1,21,7,41,9,8,5,0,0,0,0
GCA_028828245.1,129,11,5167816,3,34532832,Fungi,Ascomycota,Eurotiomycetes,Eurotiales,Aspergillaceae,Penicillium,NA,Penicillium lividum,Penicillium lividum IBT 13676,3,5,21,5,20,9,6,18,0,0,0,0
GCA_028827895.1,72,7,4747519,3,32457776,Fungi,Ascomycota,Eurotiomycetes,Eurotiales,Aspergillaceae,Penicillium,NA,Penicillium longicatenatum,Penicillium longicatenatum IBT 33135,4,5,22,7,21,12,6,17,0,0,0,0
GCA_028827875.1,118,9,4930178,3,32311308,Fungi,Ascomycota,Eurotiomycetes,Eurotiales,Aspergillaceae,Penicillium,NA,Penicillium longicatenatum,Penicillium longicatenatum IBT 33191,4,4,21,8,21,12,6,19,0,0,0,0
GCA_028827695.1,40,8,3554904,3,27935234,Fungi,Ascomycota,Eurotiomycetes,Eurotiales,Aspergillaceae,Penicillium,NA,Penicillium maclennaniae,Penicillium maclennaniae IBT 15551,2,4,9,3,13,11,5,5,0,0,0,0
GCA_028827735.1,52,12,3913342,4,33645934,Fungi,Ascomycota,Eurotiomycetes,Eurotiales,Aspergillaceae,Penicillium,NA,Penicillium macrosclerotiorum,Penicillium macrosclerotiorum IBT 26536,2,5,23,6,15,7,7,11,0,0,0,0
GCA_028828285.1,70,6,9515948,2,33834515,Fungi,Ascomycota,Eurotiomycetes,Eurotiales,Aspergillaceae,Penicillium,NA,Penicillium majusculum,Penicillium majusculum IBT 35410,2,6,19,7,12,13,7,16,1,0,0,0
GCA_028827775.1,93,8,6248290,3,34863708,Fungi,Ascomycota,Eurotiomycetes,Eurotiales,Aspergillaceae,Penicillium,NA,Penicillium malachiteum,Penicillium malachiteum IBT 13176,4,5,18,7,22,12,6,16,0,0,0,0
GCA_028827825.1,90,6,8186553,3,35880773,Fungi,Ascomycota,Eurotiomycetes,Eurotiales,Aspergillaceae,Penicillium,NA,Penicillium malachiteum,Penicillium malachiteum IBT 17515,4,5,17,6,21,12,6,17,0,0,0,0
GCA_028828005.1,129,14,4165902,4,38623079,Fungi,Ascomycota,Eurotiomycetes,Eurotiales,Aspergillaceae,Penicillium,NA,Penicillium manginii,Penicillium manginii IBT 31320,2,6,20,6,26,12,6,15,0,0,0,0
GCA_028829835.1,42,4,8177327,2,30158902,Fungi,Ascomycota,Eurotiomycetes,Eurotiales,Aspergillaceae,Penicillium,Penicillium_mononematosum,Penicillium mononematosum,Penicillium mononematosum IBT 11891,3,5,14,6,16,14,7,9,0,0,0,0
GCA_911456355.1,52,41,3176469,4,34560068,Fungi,Ascomycota,Eurotiomycetes,Eurotiales,Aspergillaceae,Penicillium,NA,Penicillium nalgiovense,Penicillium nalgiovense NA,2,5,11,5,13,14,5,11,0,0,0,0
GCA_028828085.1,136,17,4788641,3,31087567,Fungi,Ascomycota,Eurotiomycetes,Eurotiales,Aspergillaceae,Penicillium,NA,Penicillium nucicola,Penicillium nucicola IBT 29836,1,4,22,9,15,11,7,14,1,0,0,0
GCA_028828045.1,108,7,4898923,3,32405987,Fungi,Ascomycota,Eurotiomycetes,Eurotiales,Aspergillaceae,Penicillium,NA,Penicillium odoratum,Penicillium odoratum IBT 22623,3,5,20,6,15,10,5,13,0,0,0,0
GCA_911150065.1,31,100,584105,17,28772301,Fungi,Ascomycota,Eurotiomycetes,Eurotiales,Aspergillaceae,Penicillium,NA,Penicillium olsonii,Penicillium olsonii NA,1,3,23,6,17,8,4,8,0,0,0,0
GCA_001723175.3,327,18,4068681,4,30793372,Fungi,Ascomycota,Eurotiomycetes,Eurotiales,Aspergillaceae,Penicillium,NA,Penicillium oxalicum,Penicillium oxalicum HP7-1,2,2,9,5,14,11,5,15,0,0,0,0
GCA_028828445.1,72,6,5331884,3,28923777,Fungi,Ascomycota,Eurotiomycetes,Eurotiales,Aspergillaceae,Penicillium,NA,Penicillium paradoxum,Penicillium paradoxum IBT 22861,0,5,9,5,9,6,7,8,0,0,0,0
GCA_002072265.1,137.5,74,1891852,6,32365395,Fungi,Ascomycota,Eurotiomycetes,Eurotiales,Aspergillaceae,Penicillium,NA,Penicillium polonicum,Penicillium polonicum IBT 4502,2,5,13,7,15,13,6,11,0,0,0,0
GCA_964197705.1,59,8,4459645,3,26257727,Fungi,Ascomycota,Eurotiomycetes,Eurotiales,Aspergillaceae,Penicillium,NA,Penicillium psychrofluorescens,Penicillium psychrofluorescens NA,4,0,14,5,27,9,8,5,0,0,0,0
GCA_028828465.1,168,8,7382026,2,27827857,Fungi,Ascomycota,Eurotiomycetes,Eurotiales,Aspergillaceae,Penicillium,NA,Penicillium psychrosexuale,Penicillium psychrosexuale IBT 29551,2,3,9,2,7,6,6,12,0,0,0,0
GCA_028828015.1,70,8,4649848,3,32647626,Fungi,Ascomycota,Eurotiomycetes,Eurotiales,Aspergillaceae,Penicillium,NA,Penicillium pulvis,Penicillium pulvis IBT 33274,3,3,20,5,16,12,6,9,0,0,0,0
GCA_028828495.1,139,8,3470598,3,27919989,Fungi,Ascomycota,Eurotiomycetes,Eurotiales,Aspergillaceae,Penicillium,NA,Penicillium riverlandense,Penicillium riverlandense IBT 135883,4,3,20,6,35,11,8,5,0,0,0,0
GCA_028829455.1,144,12,7219582,2,29159420,Fungi,Ascomycota,Eurotiomycetes,Eurotiales,Aspergillaceae,Penicillium,Penicillium_robsamsonii,Penicillium robsamsonii,Penicillium robsamsonii IBT 29466,2,4,11,3,12,11,7,8,0,0,0,0
GCA_011392555.1,100,27,3147738,4,32167788,Fungi,Ascomycota,Eurotiomycetes,Eurotiales,Aspergillaceae,Penicillium,NA,Penicillium rolfsii,Penicillium rolfsii F1880,2,4,18,7,20,12,5,13,0,0,0,0
GCA_023141315.1,129,70,831264,9,27042016,Fungi,Ascomycota,Eurotiomycetes,Eurotiales,Aspergillaceae,Penicillium,NA,Penicillium roqueforti,Penicillium roqueforti CBS 147309,1,3,8,3,7,6,6,13,0,0,0,0
GCA_023141305.1,124,91,889993,11,27254792,Fungi,Ascomycota,Eurotiomycetes,Eurotiales,Aspergillaceae,Penicillium,NA,Penicillium roqueforti,Penicillium roqueforti CBS 147310,1,3,9,3,7,6,6,13,0,0,0,0
GCA_023138675.1,105,58,1225265,6,26719157,Fungi,Ascomycota,Eurotiomycetes,Eurotiales,Aspergillaceae,Penicillium,NA,Penicillium roqueforti,Penicillium roqueforti CBS 147317,1,3,9,3,7,6,6,12,0,0,0,0
GCA_023065495.1,105,46,1526950,5,27208435,Fungi,Ascomycota,Eurotiomycetes,Eurotiales,Aspergillaceae,Penicillium,NA,Penicillium roqueforti,Penicillium roqueforti CBS 147318,1,3,9,3,7,6,6,13,0,0,0,0
GCA_023138645.1,106,140,658569,13,28927521,Fungi,Ascomycota,Eurotiomycetes,Eurotiales,Aspergillaceae,Penicillium,NA,Penicillium roqueforti,Penicillium roqueforti CBS 147325,1,3,8,3,7,6,6,19,0,0,0,0
GCA_023138615.1,101,178,678050,13,28488892,Fungi,Ascomycota,Eurotiomycetes,Eurotiales,Aspergillaceae,Penicillium,NA,Penicillium roqueforti,Penicillium roqueforti CBS 147326,1,3,8,3,7,6,6,15,0,0,0,0
GCA_023138445.1,103,172,719157,11,28024187,Fungi,Ascomycota,Eurotiomycetes,Eurotiales,Aspergillaceae,Penicillium,NA,Penicillium roqueforti,Penicillium roqueforti CBS 147330,1,3,9,3,7,6,6,16,0,0,0,0
GCA_023138355.1,128,56,1032236,9,26501700,Fungi,Ascomycota,Eurotiomycetes,Eurotiales,Aspergillaceae,Penicillium,NA,Penicillium roqueforti,Penicillium roqueforti CBS 147331,1,3,8,3,7,6,6,9,0,0,0,0
GCA_023065595.1,109,53,1110228,8,26503271,Fungi,Ascomycota,Eurotiomycetes,Eurotiales,Aspergillaceae,Penicillium,NA,Penicillium roqueforti,Penicillium roqueforti CBS 147332,1,3,8,3,7,6,6,9,0,0,0,0
GCA_023137995.1,129,103,630210,12,28417184,Fungi,Ascomycota,Eurotiomycetes,Eurotiales,Aspergillaceae,Penicillium,NA,Penicillium roqueforti,Penicillium roqueforti CBS 147339,1,3,9,3,7,6,6,17,0,0,0,0
GCA_023065465.1,93,155,465303,17,28254581,Fungi,Ascomycota,Eurotiomycetes,Eurotiales,Aspergillaceae,Penicillium,NA,Penicillium roqueforti,Penicillium roqueforti CBS 147354,1,3,8,3,7,6,6,18,0,0,0,0
GCA_023065415.1,109,61,1235589,8,27164722,Fungi,Ascomycota,Eurotiomycetes,Eurotiales,Aspergillaceae,Penicillium,NA,Penicillium roqueforti,Penicillium roqueforti CBS 147355,1,3,9,3,7,6,6,13,0,0,0,0
GCA_023091085.1,103,65,1053536,7,26731792,Fungi,Ascomycota,Eurotiomycetes,Eurotiales,Aspergillaceae,Penicillium,NA,Penicillium roqueforti,Penicillium roqueforti CBS 147372,1,3,9,3,7,6,6,12,0,0,0,0
GCA_023141515.1,101,129,629276,14,29448402,Fungi,Ascomycota,Eurotiomycetes,Eurotiales,Aspergillaceae,Penicillium,NA,Penicillium roqueforti,Penicillium roqueforti DTO 002-I6,1,3,9,3,8,7,6,20,0,0,0,0
GCA_023065655.1,125,108,674982,14,27936011,Fungi,Ascomycota,Eurotiomycetes,Eurotiales,Aspergillaceae,Penicillium,NA,Penicillium roqueforti,Penicillium roqueforti DTO 006-G1,1,3,9,3,7,6,6,14,0,0,0,0
GCA_023141355.1,123,99,612215,12,27938360,Fungi,Ascomycota,Eurotiomycetes,Eurotiales,Aspergillaceae,Penicillium,NA,Penicillium roqueforti,Penicillium roqueforti DTO 006-G7,1,3,9,3,7,6,6,14,0,0,0,0
GCA_023065685.1,118,157,605270,15,29337942,Fungi,Ascomycota,Eurotiomycetes,Eurotiales,Aspergillaceae,Penicillium,NA,Penicillium roqueforti,Penicillium roqueforti DTO 012-A1,1,3,9,3,7,6,6,19,0,0,0,0
GCA_023141275.1,126,61,939761,10,27298295,Fungi,Ascomycota,Eurotiomycetes,Eurotiales,Aspergillaceae,Penicillium,NA,Penicillium roqueforti,Penicillium roqueforti DTO 012-A7,1,3,8,3,7,6,6,14,0,0,0,0
GCA_023141195.1,105,164,620266,15,29238913,Fungi,Ascomycota,Eurotiomycetes,Eurotiales,Aspergillaceae,Penicillium,NA,Penicillium roqueforti,Penicillium roqueforti DTO 013-E5,1,3,9,3,7,6,6,19,0,0,0,0
GCA_023141165.1,125,176,761036,11,29270952,Fungi,Ascomycota,Eurotiomycetes,Eurotiales,Aspergillaceae,Penicillium,NA,Penicillium roqueforti,Penicillium roqueforti DTO 027-I6,1,3,8,3,7,6,6,16,0,0,0,0
GCA_023141115.1,96,141,591365,13,28423543,Fungi,Ascomycota,Eurotiomycetes,Eurotiales,Aspergillaceae,Penicillium,NA,Penicillium roqueforti,Penicillium roqueforti DTO 032-C6,1,3,9,3,7,6,6,18,0,0,0,0
GCA_023141145.1,105,43,1239413,7,27193696,Fungi,Ascomycota,Eurotiomycetes,Eurotiales,Aspergillaceae,Penicillium,NA,Penicillium roqueforti,Penicillium roqueforti DTO 039-G3,1,3,9,3,7,6,6,12,0,0,0,0
GCA_023141155.1,91,143,916447,12,28771014,Fungi,Ascomycota,Eurotiomycetes,Eurotiales,Aspergillaceae,Penicillium,NA,Penicillium roqueforti,Penicillium roqueforti DTO 046-C5,1,3,8,3,7,6,6,19,0,0,0,0
GCA_000513255.1,90,48,7752559,2,28045214,Fungi,Ascomycota,Eurotiomycetes,Eurotiales,Aspergillaceae,Penicillium,NA,Penicillium roqueforti,Penicillium roqueforti FM164,1,3,9,3,7,6,6,19,0,0,0,0
GCA_023065375.1,108,100,755013,10,28037113,Fungi,Ascomycota,Eurotiomycetes,Eurotiales,Aspergillaceae,Penicillium,NA,Penicillium roqueforti,Penicillium roqueforti LCP 96.3914a,1,3,9,3,8,6,6,14,0,0,0,0
GCA_015533775.1,50,83,683325,11,26940775,Fungi,Ascomycota,Eurotiomycetes,Eurotiales,Aspergillaceae,Penicillium,NA,Penicillium roqueforti,Penicillium roqueforti LCP96 04111,1,3,8,3,7,6,6,12,0,0,0,0
GCA_028828025.1,182,4,9664872,2,30336503,Fungi,Ascomycota,Eurotiomycetes,Eurotiales,Aspergillaceae,Penicillium,NA,Penicillium rubens,Penicillium rubens IBT 27055,2,5,14,6,12,14,6,9,0,0,0,0
GCA_028828505.1,126,8,6339711,3,33546860,Fungi,Ascomycota,Eurotiomycetes,Eurotiales,Aspergillaceae,Penicillium,NA,Penicillium rubens,Penicillium rubens IBT 35670,2,5,14,6,12,13,6,9,0,0,0,0
GCA_028751425.1,192,46,4340287,3,34788349,Fungi,Ascomycota,Eurotiomycetes,Eurotiales,Aspergillaceae,Penicillium,NA,Penicillium rubens,Penicillium rubens YAP1,2,5,14,5,12,14,6,15,0,0,0,0
GCA_911197225.1,31,164,652201,16,31293700,Fungi,Ascomycota,Eurotiomycetes,Eurotiales,Aspergillaceae,Penicillium,NA,Penicillium salamii,Penicillium salamii NA,1,4,18,6,16,10,4,13,0,0,0,0
GCA_028829775.1,100,11,5129283,3,38201884,Fungi,Ascomycota,Eurotiomycetes,Eurotiales,Aspergillaceae,Penicillium,NA,Penicillium samsonianum,Penicillium samsonianum IBT 33392,2,4,13,6,16,12,6,24,0,0,0,0
GCA_028829755.1,90,8,4764641,3,33256298,Fungi,Ascomycota,Eurotiomycetes,Eurotiales,Aspergillaceae,Penicillium,NA,Penicillium solitum,Penicillium solitum IBT 25940,2,6,19,7,12,12,7,18,1,0,0,0
GCA_028829465.1,118,8,3962502,4,32085433,Fungi,Ascomycota,Eurotiomycetes,Eurotiales,Aspergillaceae,Penicillium,NA,Penicillium soppii,Penicillium soppii IBT 18220,1,5,20,3,19,10,5,17,0,0,0,0
GCA_013138035.1,54,50,2900369,4,37990757,Fungi,Ascomycota,Eurotiomycetes,Eurotiales,Aspergillaceae,Penicillium,NA,Penicillium sp.,Penicillium sp. #12,2,6,19,7,13,12,7,22,0,0,0,0
GCA_028827225.1,106,7,6566590,3,32244276,Fungi,Ascomycota,Eurotiomycetes,Eurotiales,Aspergillaceae,Penicillium,NA,Penicillium sp.,Penicillium sp. IBT 12396,2,6,13,6,15,14,6,12,0,0,0,0
GCA_028828865.1,119,12,5071699,3,33465021,Fungi,Ascomycota,Eurotiomycetes,Eurotiales,Aspergillaceae,Penicillium,NA,Penicillium sp.,Penicillium sp. IBT 16267x,3,4,17,4,17,9,6,15,0,0,0,0
GCA_028828935.1,108,15,3327370,4,30736580,Fungi,Ascomycota,Eurotiomycetes,Eurotiales,Aspergillaceae,Penicillium,NA,Penicillium sp.,Penicillium sp. IBT 18751x,2,4,14,7,14,11,6,9,0,0,0,0
GCA_028827535.1,123,6,4658598,3,25359523,Fungi,Ascomycota,Eurotiomycetes,Eurotiales,Aspergillaceae,Penicillium,NA,Penicillium sp.,Penicillium sp. IBT 19332,2,2,8,4,10,8,6,15,0,0,0,0
GCA_028827885.1,68,9,4421608,3,30347723,Fungi,Ascomycota,Eurotiomycetes,Eurotiales,Aspergillaceae,Penicillium,NA,Penicillium sp.,Penicillium sp. IBT 31633x,1,4,14,4,9,10,6,12,0,0,0,0
GCA_028828895.1,225,12,4253496,4,37375558,Fungi,Ascomycota,Eurotiomycetes,Eurotiales,Aspergillaceae,Penicillium,NA,Penicillium sp.,Penicillium sp. IBT 35674x,3,4,16,5,17,12,6,18,0,0,0,0
GCA_028827425.1,80,9,4619403,3,25327983,Fungi,Ascomycota,Eurotiomycetes,Eurotiales,Aspergillaceae,Penicillium,NA,Penicillium sp.,Penicillium sp. IBT 6001,2,2,8,4,10,8,6,14,0,0,0,0
GCA_002072375.1,144,84,1379532,8,32096313,Fungi,Ascomycota,Eurotiomycetes,Eurotiales,Aspergillaceae,Penicillium,NA,Penicillium steckii,Penicillium steckii IBT 24891,2,5,18,3,14,8,5,8,0,0,0,0
GCA_028828155.1,70,14,4156290,4,39968067,Fungi,Ascomycota,Eurotiomycetes,Eurotiales,Aspergillaceae,Penicillium,NA,Penicillium subrubescens,Penicillium subrubescens IBT 31985,4,4,20,10,36,13,6,8,0,0,0,0
GCA_028829675.1,32,12,4205002,3,32107691,Fungi,Ascomycota,Eurotiomycetes,Eurotiales,Aspergillaceae,Penicillium,NA,Penicillium tannophilum,Penicillium tannophilum IBT 21756,3,4,19,5,15,12,7,16,0,0,0,0
GCA_028828555.1,86,6,5061136,3,27925195,Fungi,Ascomycota,Eurotiomycetes,Eurotiales,Aspergillaceae,Penicillium,NA,Penicillium taxi,Penicillium taxi IBT 34144,1,5,8,1,7,4,5,10,0,0,0,0
GCA_028828195.1,81,12,3526632,4,32288599,Fungi,Ascomycota,Eurotiomycetes,Eurotiales,Aspergillaceae,Penicillium,NA,Penicillium verhagenii,Penicillium verhagenii IBT 33310,4,6,19,4,18,10,6,14,0,0,0,0
GCA_028828655.1,140,8,5850290,2,32831822,Fungi,Ascomycota,Eurotiomycetes,Eurotiales,Aspergillaceae,Penicillium,NA,Penicillium verrucosum,Penicillium verrucosum IBT 35672,2,5,17,6,12,13,6,8,0,0,0,0
GCA_028828185.1,133,6,8985949,2,32834375,Fungi,Ascomycota,Eurotiomycetes,Eurotiales,Aspergillaceae,Penicillium,NA,Penicillium viridicatum,Penicillium viridicatum IBT 34249,2,6,13,7,18,16,6,13,1,0,0,0
GCA_028829585.1,144,6,8559827,2,31511571,Fungi,Ascomycota,Eurotiomycetes,Eurotiales,Aspergillaceae,Penicillium,NA,Penicillium vulpinum,Penicillium vulpinum IBT 29486,2,4,11,6,15,10,7,17,1,0,0,0
GCA_028829765.1,122,10,4855768,4,37575496,Fungi,Ascomycota,Eurotiomycetes,Eurotiales,Aspergillaceae,Penicillium,NA,Penicillium waksmanii,Penicillium waksmanii IBT 27052,2,4,20,5,28,10,6,7,0,0,0,0
GCA_000516985.1,80,39,4007484,5,51862826,Fungi,Ascomycota,Sordariomycetes,Xylariales,Sporocadaceae,Pestalotiopsis,NA,Pestalotiopsis fici,Pestalotiopsis fici W106-1,3,2,40,8,27,13,4,22,4,0,0,0
GCA_023701735.1,40,102,817980,19,46167106,Fungi,Ascomycota,Sordariomycetes,Xylariales,Sporocadaceae,Pestalotiopsis,NA,Pestalotiopsis sp.,Pestalotiopsis sp. 9143b,3,1,36,8,21,10,4,13,1,0,0,0
GCA_022432395.1,315.03,24,4451835,5,46406735,Fungi,Ascomycota,Sordariomycetes,Xylariales,Sporocadaceae,Pestalotiopsis,NA,Pestalotiopsis sp.,Pestalotiopsis sp. NC0098,3,2,38,8,25,15,4,11,2,0,0,0
GCA_001653235.2,211,49,5359152,4,44192108,Fungi,Ascomycota,Sordariomycetes,Hypocreales,Clavicipitaceae,Pochonia,NA,Pochonia chlamydosporia,Pochonia chlamydosporia NA,1,1,13,6,25,3,15,12,3,0,0,0
GCA_003942215.1,86.1,46,1066819,10,29888215,Fungi,Basidiomycota,Tremellomycetes,Tremellales,Trimorphomycetaceae,Saitozyma,Saitozyma_podzolica,Saitozyma podzolica,Saitozyma podzolica DSM 27192,3,4,11,9,12,2,1,3,0,0,0,0
GCA_001600855.1,103,55,1281587,9,27885048,Fungi,Basidiomycota,Tremellomycetes,Tremellales,Trimorphomycetaceae,Saitozyma,NA,Saitozyma sp.,Saitozyma sp. JCM 24511,6,4,10,12,14,3,1,3,0,0,0,0
GCA_000732125.1,280,176,1380919,11,43202145,Fungi,Ascomycota,Sordariomycetes,Microascales,Microascaceae,Scedosporium,NA,Scedosporium apiospermum,Scedosporium apiospermum IHEM 14462,2,1,16,5,9,16,2,15,0,0,0,0
GCA_000474925.1,56,29,3338913,4,32188092,Fungi,Ascomycota,Sordariomycetes,Ophiostomatales,Ophiostomataceae,Sporothrix,NA,Sporothrix schenckii,Sporothrix schenckii ATCC 58251,2,1,11,8,9,9,3,12,3,0,0,0
GCA_042257735.1,110,155,447009,27,39572786,Fungi,Ascomycota,Sordariomycetes,Ophiostomatales,Ophiostomataceae,Sporothrix,NA,Sporothrix stenoceras,Sporothrix stenoceras CMW 5344,1,1,21,10,17,7,5,13,2,0,0,0
GCA_042257785.1,140,165,451359,26,39279876,Fungi,Ascomycota,Sordariomycetes,Ophiostomatales,Ophiostomataceae,Sporothrix,NA,Sporothrix stenoceras,Sporothrix stenoceras CMW 5346,1,1,21,10,17,7,5,13,2,0,0,0
GCA_001907595.1,193,48,1577698,7,30834766,Fungi,Ascomycota,Eurotiomycetes,Eurotiales,Trichocomaceae,Talaromyces,NA,Talaromyces atroroseus,Talaromyces atroroseus IBT 11181,2,4,13,3,12,3,7,15,0,0,0,0
GCA_000985935.1,100,116,2353708,4,33239765,Fungi,Ascomycota,Eurotiomycetes,Eurotiales,Trichocomaceae,Talaromyces,NA,Talaromyces islandicus,Talaromyces islandicus NA,3,5,17,4,24,10,8,13,0,0,0,0
GCA_009650675.1,175,9,3743714,3,28216733,Fungi,Ascomycota,Eurotiomycetes,Eurotiales,Trichocomaceae,Talaromyces,NA,Talaromyces marneffei,Talaromyces marneffei 11CN-03-130,2,4,11,3,11,4,6,15,0,0,0,0
GCA_046127475.1,408,11,4186281,3,28872128,Fungi,Ascomycota,Eurotiomycetes,Eurotiales,Trichocomaceae,Talaromyces,NA,Talaromyces marneffei,Talaromyces marneffei ATCC 18224,2,4,11,3,12,4,6,15,0,0,0,0
GCA_009556855.1,152,8,3704010,3,28198338,Fungi,Ascomycota,Eurotiomycetes,Eurotiales,Trichocomaceae,Talaromyces,NA,Talaromyces marneffei,Talaromyces marneffei NA,2,4,10,3,12,4,6,15,0,0,0,0
GCA_011392495.1,100,18,3337104,5,36260717,Fungi,Ascomycota,Eurotiomycetes,Eurotiales,Trichocomaceae,Talaromyces,NA,Talaromyces pinophilus,Talaromyces pinophilus AR155,3,4,24,5,33,9,7,10,0,0,0,0
GCA_021365285.1,234.87,30,2609059,6,37611490,Fungi,Ascomycota,Eurotiomycetes,Eurotiales,Trichocomaceae,Talaromyces,NA,Talaromyces proteolyticus,Talaromyces proteolyticus PMI_201,4,4,12,5,27,7,9,19,0,0,0,0
GCA_013368755.1,526,6,5896210,3,35758560,Fungi,Ascomycota,Eurotiomycetes,Eurotiales,Trichocomaceae,Talaromyces,NA,Talaromyces rugulosus,Talaromyces rugulosus W13939,3,5,13,4,24,10,9,10,0,0,0,0
GCA_015956445.1,110.29,76,2109586,7,40733037,Fungi,Basidiomycota,Agaricomycetes,Thelephorales,Thelephoraceae,Thelephora,NA,Thelephora terrestris,Thelephora terrestris UH-Tt-Lm1,2,4,4,2,2,0,2,4,0,0,0,0
GCA_001189435.1,76,172,668222,12,30251689,Fungi,Ascomycota,Sordariomycetes,Hypocreales,Ophiocordycipitaceae,Tolypocladium,NA,Tolypocladium ophioglossoides,Tolypocladium ophioglossoides CBS 100239,1,1,5,3,4,0,3,13,0,0,0,0
GCA_001189435.1,76,172,668222,12,30251689,Fungi,Ascomycota,Sordariomycetes,Hypocreales,Ophiocordycipitaceae,Chaunopycnis,NA,Tolypocladium ophioglossoides,Tolypocladium ophioglossoides CBS 100239,1,1,5,3,4,0,3,13,0,0,0,0
GCA_020647865.1,59.1,7,5512738,3,37545380,Fungi,Ascomycota,Sordariomycetes,Hypocreales,Hypocreaceae,Trichoderma,NA,Trichoderma asperellum,Trichoderma asperellum FT101,2,3,16,7,24,5,6,18,0,0,0,0
GCA_020647865.1,59.1,7,5512738,3,37545380,Fungi,Ascomycota,Sordariomycetes,Hypocreales,Hypocreaceae,Hypocrea,NA,Trichoderma asperellum,Trichoderma asperellum FT101,2,3,16,7,24,5,6,18,0,0,0,0
GCA_013423425.1,163.8,72,2555590,6,36058895,Fungi,Ascomycota,Sordariomycetes,Hypocreales,Hypocreaceae,Trichoderma,NA,Trichoderma asperellum,Trichoderma asperellum IC-1,2,1,15,6,22,3,6,16,0,0,0,0
GCA_013423425.1,163.8,72,2555590,6,36058895,Fungi,Ascomycota,Sordariomycetes,Hypocreales,Hypocreaceae,Hypocrea,NA,Trichoderma asperellum,Trichoderma asperellum IC-1,2,1,15,6,22,3,6,16,0,0,0,0
GCA_020647795.1,153,7,5658044,3,37300646,Fungi,Ascomycota,Sordariomycetes,Hypocreales,Hypocreaceae,Trichoderma,Trichoderma_atroviride,Trichoderma atroviride,Trichoderma atroviride P1,2,2,13,7,23,4,6,21,0,0,0,0
GCA_020647795.1,153,7,5658044,3,37300646,Fungi,Ascomycota,Sordariomycetes,Hypocreales,Hypocreaceae,Hypocrea,Trichoderma_atroviride,Trichoderma atroviride,Trichoderma atroviride P1,2,2,13,7,23,4,6,21,0,0,0,0
GCA_028502605.1,83,9,6210652,3,38609973,Fungi,Ascomycota,Sordariomycetes,Hypocreales,Hypocreaceae,Trichoderma,NA,Trichoderma breve,Trichoderma breve T069,1,1,13,7,26,4,6,18,0,0,0,0
GCA_028502605.1,83,9,6210652,3,38609973,Fungi,Ascomycota,Sordariomycetes,Hypocreales,Hypocreaceae,Hypocrea,NA,Trichoderma breve,Trichoderma breve T069,1,1,13,7,26,4,6,18,0,0,0,0
GCA_020631695.1,98.23,59,6501942,3,38595405,Fungi,Ascomycota,Sordariomycetes,Hypocreales,Hypocreaceae,Trichoderma,NA,Trichoderma cornu-damae,Trichoderma cornu-damae KA19-0412C,1,1,8,4,5,1,4,10,0,0,0,0
GCA_020631695.1,98.23,59,6501942,3,38595405,Fungi,Ascomycota,Sordariomycetes,Hypocreales,Hypocreaceae,Hypocrea,NA,Trichoderma cornu-damae,Trichoderma cornu-damae KA19-0412C,1,1,8,4,5,1,4,10,0,0,0,0
GCA_001481775.2,50,172,697391,18,37907810,Fungi,Ascomycota,Sordariomycetes,Hypocreales,Hypocreaceae,Trichoderma,NA,Trichoderma gamsii,Trichoderma gamsii T6085,2,2,14,6,24,5,6,18,0,0,0,0
GCA_001481775.2,50,172,697391,18,37907810,Fungi,Ascomycota,Sordariomycetes,Hypocreales,Hypocreaceae,Hypocrea,NA,Trichoderma gamsii,Trichoderma gamsii T6085,2,2,14,6,24,5,6,18,0,0,0,0
GCA_004382785.1,125,50,1865108,6,31627153,Fungi,Ascomycota,Sordariomycetes,Hypocreales,Hypocreaceae,Trichoderma,NA,Trichoderma ghanense,Trichoderma ghanense CCMA-1212,1,1,10,6,19,3,6,10,0,0,0,0
GCA_004382785.1,125,50,1865108,6,31627153,Fungi,Ascomycota,Sordariomycetes,Hypocreales,Hypocreaceae,Hypocrea,NA,Trichoderma ghanense,Trichoderma ghanense CCMA-1212,1,1,10,6,19,3,6,10,0,0,0,0
GCA_020002365.1,80,10,4108754,4,34062918,Fungi,Ascomycota,Sordariomycetes,Hypocreales,Hypocreaceae,Trichoderma,NA,Trichoderma gracile,Trichoderma gracile HK011-1,1,1,12,6,20,3,6,16,0,0,0,0
GCA_020002365.1,80,10,4108754,4,34062918,Fungi,Ascomycota,Sordariomycetes,Hypocreales,Hypocreaceae,Hypocrea,NA,Trichoderma gracile,Trichoderma gracile HK011-1,1,1,12,6,20,3,6,16,0,0,0,0
GCA_033847385.1,122,124,2296050,6,38389086,Fungi,Ascomycota,Sordariomycetes,Hypocreales,Hypocreaceae,Trichoderma,NA,Trichoderma harzianum,Trichoderma harzianum CBS 354.33,1,1,14,7,25,4,7,19,0,0,0,0
GCA_033847385.1,122,124,2296050,6,38389086,Fungi,Ascomycota,Sordariomycetes,Hypocreales,Hypocreaceae,Hypocrea,NA,Trichoderma harzianum,Trichoderma harzianum CBS 354.33,1,1,14,7,25,4,7,19,0,0,0,0
GCA_025502635.1,350,112,1757915,8,40741375,Fungi,Ascomycota,Sordariomycetes,Hypocreales,Hypocreaceae,Trichoderma,NA,Trichoderma harzianum,Trichoderma harzianum PAR3,1,1,14,7,24,4,6,22,0,0,0,0
GCA_025502635.1,350,112,1757915,8,40741375,Fungi,Ascomycota,Sordariomycetes,Hypocreales,Hypocreaceae,Hypocrea,NA,Trichoderma harzianum,Trichoderma harzianum PAR3,1,1,14,7,24,4,6,22,0,0,0,0
GCA_011066345.1,120,47,1332095,11,38284471,Fungi,Ascomycota,Sordariomycetes,Hypocreales,Hypocreaceae,Trichoderma,NA,Trichoderma lentiforme,Trichoderma lentiforme CFAM-422,1,1,14,7,25,4,6,18,0,0,0,0
GCA_011066345.1,120,47,1332095,11,38284471,Fungi,Ascomycota,Sordariomycetes,Hypocreales,Hypocreaceae,Hypocrea,NA,Trichoderma lentiforme,Trichoderma lentiforme CFAM-422,1,1,14,7,25,4,6,18,0,0,0,0
GCA_003025155.1,104.2,130,1606350,7,31192646,Fungi,Ascomycota,Sordariomycetes,Hypocreales,Hypocreaceae,Trichoderma,NA,Trichoderma longibrachiatum,Trichoderma longibrachiatum ATCC 18648,1,1,11,4,17,3,6,12,0,0,0,0
GCA_003025155.1,104.2,130,1606350,7,31192646,Fungi,Ascomycota,Sordariomycetes,Hypocreales,Hypocreaceae,Hypocrea,NA,Trichoderma longibrachiatum,Trichoderma longibrachiatum ATCC 18648,1,1,11,4,17,3,6,12,0,0,0,0
GCA_050703535.1,117.452,78,1905640,8,40716729,Fungi,Ascomycota,Sordariomycetes,Hypocreales,Hypocreaceae,Trichoderma,NA,Trichoderma pleuroticola,Trichoderma pleuroticola CBS 121217,1,1,14,7,24,4,6,20,0,0,0,0
GCA_050703535.1,117.452,78,1905640,8,40716729,Fungi,Ascomycota,Sordariomycetes,Hypocreales,Hypocreaceae,Hypocrea,NA,Trichoderma pleuroticola,Trichoderma pleuroticola CBS 121217,1,1,14,7,24,4,6,20,0,0,0,0
GCA_000513815.1,47.6,177,1023047,10,32500589,Fungi,Ascomycota,Sordariomycetes,Hypocreales,Hypocreaceae,Trichoderma,NA,Trichoderma reesei,Trichoderma reesei RUT C-30,1,1,11,6,19,3,6,13,0,0,0,0
GCA_000513815.1,47.6,177,1023047,10,32500589,Fungi,Ascomycota,Sordariomycetes,Hypocreales,Hypocreaceae,Hypocrea,NA,Trichoderma reesei,Trichoderma reesei RUT C-30,1,1,11,6,19,3,6,13,0,0,0,0
GCA_020045945.2,105,7,6906462,3,42023549,Fungi,Ascomycota,Sordariomycetes,Hypocreales,Hypocreaceae,Trichoderma,NA,Trichoderma semiorbis,Trichoderma semiorbis FJ059,1,1,15,8,20,3,10,15,0,0,0,0
GCA_020045945.2,105,7,6906462,3,42023549,Fungi,Ascomycota,Sordariomycetes,Hypocreales,Hypocreaceae,Hypocrea,NA,Trichoderma semiorbis,Trichoderma semiorbis FJ059,1,1,15,8,20,3,10,15,0,0,0,0
GCA_019565615.1,374,7,6451197,3,40078385,Fungi,Ascomycota,Sordariomycetes,Hypocreales,Hypocreaceae,Trichoderma,NA,Trichoderma simmonsii,Trichoderma simmonsii GH-Sj1,1,1,14,9,25,4,8,16,0,0,0,0
GCA_019565615.1,374,7,6451197,3,40078385,Fungi,Ascomycota,Sordariomycetes,Hypocreales,Hypocreaceae,Hypocrea,NA,Trichoderma simmonsii,Trichoderma simmonsii GH-Sj1,1,1,14,9,25,4,8,16,0,0,0,0
GCA_030708095.1,229,14,3146023,5,36411897,Fungi,Ascomycota,Sordariomycetes,Hypocreales,Hypocreaceae,Trichoderma,NA,Trichoderma sp.,Trichoderma sp. CBMAI-0020,2,2,13,6,23,3,6,18,0,0,0,0
GCA_030708095.1,229,14,3146023,5,36411897,Fungi,Ascomycota,Sordariomycetes,Hypocreales,Hypocreaceae,Hypocrea,NA,Trichoderma sp.,Trichoderma sp. CBMAI-0020,2,2,13,6,23,3,6,18,0,0,0,0
GCA_030708105.1,143,26,1694659,7,32448670,Fungi,Ascomycota,Sordariomycetes,Hypocreales,Hypocreaceae,Trichoderma,NA,Trichoderma sp.,Trichoderma sp. CBMAI-0711,1,1,11,6,18,3,6,13,0,0,0,0
GCA_030708105.1,143,26,1694659,7,32448670,Fungi,Ascomycota,Sordariomycetes,Hypocreales,Hypocreaceae,Hypocrea,NA,Trichoderma sp.,Trichoderma sp. CBMAI-0711,1,1,11,6,18,3,6,13,0,0,0,0
GCA_020647705.1,83.7,7,6644895,3,41418917,Fungi,Ascomycota,Sordariomycetes,Hypocreales,Hypocreaceae,Trichoderma,Trichoderma_virens,Trichoderma virens,Trichoderma virens FT-333,1,1,13,8,23,4,5,21,0,0,0,0
GCA_020647705.1,83.7,7,6644895,3,41418917,Fungi,Ascomycota,Sordariomycetes,Hypocreales,Hypocreaceae,Hypocrea,Trichoderma_virens,Trichoderma virens,Trichoderma virens FT-333,1,1,13,8,23,4,5,21,0,0,0,0
GCA_027595865.1,40,184,217795,35,21835245,Fungi,Mucoromycota,Umbelopsidomycetes,Umbelopsidales,Umbelopsidaceae,Umbelopsis,NA,Umbelopsis isabellina,Umbelopsis isabellina MPG-14A,2,1,8,5,9,4,8,10,0,0,0,0
GCA_016758905.1,60,60,1335078,7,22054032,Fungi,Mucoromycota,Umbelopsidomycetes,Umbelopsidales,Umbelopsidaceae,Umbelopsis,NA,Umbelopsis isabellina,Umbelopsis isabellina WA0000067209,2,1,6,5,10,4,8,12,0,0,0,0
GCA_025399195.1,112,198,294116,26,23060122,Fungi,Mucoromycota,Umbelopsidomycetes,Umbelopsidales,Umbelopsidaceae,Umbelopsis,NA,Umbelopsis ramanniana,Umbelopsis ramanniana AG,2,1,9,7,10,5,9,10,0,0,0,0
GCA_025677805.1,121.15,67,657587,12,22504321,Fungi,Mucoromycota,Umbelopsidomycetes,Umbelopsidales,Umbelopsidaceae,Umbelopsis,NA,Umbelopsis sp.,Umbelopsis sp. AD052,2,1,9,6,9,5,7,10,0,0,0,0
GCA_021235465.1,185.48,38,985416,8,24636683,Fungi,Mucoromycota,Umbelopsidomycetes,Umbelopsidales,Umbelopsidaceae,Umbelopsis,NA,Umbelopsis sp.,Umbelopsis sp. PMI_123,2,1,12,8,12,5,11,10,0,0,0,0
GCA_016758895.1,68,148,1328092,7,23181794,Fungi,Mucoromycota,Umbelopsidomycetes,Umbelopsidales,Umbelopsidaceae,Umbelopsis,NA,Umbelopsis vinacea,Umbelopsis vinacea WA0000051536,2,1,9,7,9,5,9,10,0,0,0,0
GCA_007735645.1,110,20,2472196,8,45212240,Fungi,Ascomycota,Dothideomycetes,Venturiales,Venturiaceae,Venturia,NA,Venturia effusa,Venturia effusa albino,2,1,11,4,8,5,2,4,9,0,0,0
GCA_004522665.1,79,198,1515729,11,41878255,Fungi,Ascomycota,Dothideomycetes,Venturiales,Venturiaceae,Venturia,NA,Venturia nashicola,Venturia nashicola MAFF615029,2,2,11,4,10,6,2,4,7,0,0,0
GCA_004522655.2,220,55,1787749,10,40055888,Fungi,Ascomycota,Dothideomycetes,Venturiales,Venturiaceae,Venturia,NA,Venturia nashicola,Venturia nashicola PRI2,2,1,8,4,9,5,2,4,7,0,0,0
GCA_022385695.1,86.193,89,1113176,18,51160614,Fungi,Ascomycota,Sordariomycetes,Xylariales,Xylariaceae,Xylaria,NA,Xylaria arbuscula,Xylaria arbuscula CBS 124340,2,2,13,8,16,8,6,10,2,0,0,0
GCA_022539335.1,129.42,72,1535144,11,44915837,Fungi,Ascomycota,Sordariomycetes,Xylariales,Xylariaceae,Xylaria,NA,Xylaria cf.,Xylaria cf. FL0509,2,2,15,9,15,9,6,12,2,0,0,0
GCA_007182795.1,150,155,488275,28,41150133,Fungi,Ascomycota,Sordariomycetes,Xylariales,Xylariaceae,Xylaria,NA,Xylaria flabelliformis,Xylaria flabelliformis G536,2,2,13,10,14,10,5,7,1,0,0,0
GCA_022453505.1,243.01,198,457913,27,41613484,Fungi,Ascomycota,Sordariomycetes,Xylariales,Xylariaceae,Xylaria,NA,Xylaria flabelliformis,Xylaria flabelliformis NC1011,2,2,14,10,16,10,6,11,2,0,0,0
GCA_022984845.1,895.41,64,1097719,12,34599847,Fungi,Ascomycota,Sordariomycetes,Xylariales,Xylariaceae,Xylaria,NA,Xylaria nigripes,Xylaria nigripes YMJ 653,1,1,13,3,7,5,5,8,1,0,0,0
GCA_022593225.1,473.4,79,1096396,13,42828802,Fungi,Ascomycota,Sordariomycetes,Xylariales,Xylariaceae,Xylaria,NA,Xylaria sp.,Xylaria sp. FL0064,2,2,14,10,19,9,6,13,2,0,0,0
GCA_021399445.1,44.98,28,8055043,3,50149085,Fungi,Ascomycota,Leotiomycetes,Helotiales,Helotiales_fam_Incertae_sedis,Xylogone,NA,Xylogone sp.,Xylogone sp. PMI_703,2,2,24,9,40,13,8,28,0,0,0,0
